Title,Link,pubDate,Description,Source,Query,Alexa Rank
"Climate change is making it easier for players to hit home runs, researchers say - WBUR News",https://news.google.com/rss/articles/CBMiRmh0dHBzOi8vd3d3LndidXIub3JnL25ld3MvMjAyMy8wNC8xMS9jbGltYXRlLWNoYW5nZS1iYXNlYmFsbC1ob21lLXJ1bnPSAQA?oc=5,2023/04/11,"Climate change is making it easier for players to hit home runs, researchers say&nbsp;&nbsp;WBUR NewsClimate change adding 50 homers a year in MLB, study says&nbsp;&nbsp;The Associated PressClimate change is leading to more home runs, study finds&nbsp;&nbsp;NBC News",WBUR News,climate change,
"What is carbon capture? How it works, climate change impact explained. - USA TODAY",https://news.google.com/rss/articles/CBMigAFodHRwczovL3d3dy51c2F0b2RheS5jb20vc3RvcnkvbmV3cy9uYXRpb24vMjAyMy8wNC8xMS93aGF0LWNhcmJvbi1jYXB0dXJlLWhvdy13b3Jrcy1jbGltYXRlLWNoYW5nZS1pbXBhY3QtZXhwbGFpbmVkLzExNjA3NjE2MDAyL9IBAA?oc=5,2023/04/11,"What is carbon capture? How it works, climate change impact explained.&nbsp;&nbsp;USA TODAY",USA TODAY,climate change,
Tampa Bay area bank leads charge in combating climate change - WFLA,https://news.google.com/rss/articles/CBMibGh0dHBzOi8vd3d3LndmbGEuY29tL3dlYXRoZXIvY2xpbWF0ZS1jbGFzc3Jvb20vdGFtcGEtYmF5LWFyZWEtYmFuay1sZWFkcy1jaGFyZ2UtaW4tY29tYmF0aW5nLWNsaW1hdGUtY2hhbmdlL9IBcGh0dHBzOi8vd3d3LndmbGEuY29tL3dlYXRoZXIvY2xpbWF0ZS1jbGFzc3Jvb20vdGFtcGEtYmF5LWFyZWEtYmFuay1sZWFkcy1jaGFyZ2UtaW4tY29tYmF0aW5nLWNsaW1hdGUtY2hhbmdlL2FtcC8?oc=5,2023/04/11,Tampa Bay area bank leads charge in combating climate change&nbsp;&nbsp;WFLA,WFLA,climate change,
Fighting climate change in the Windy City - POLITICO,https://news.google.com/rss/articles/CBMicWh0dHBzOi8vd3d3LnBvbGl0aWNvLmNvbS9uZXdzbGV0dGVycy90aGUtcmVjYXN0LzIwMjMvMDQvMTEvY2hpY2Fnby1icmFuZG9uLWpvaG5zb24tZW52aXJvbm1lbnRhbC1qdXN0aWNlLTAwMDkxNDY00gEA?oc=5,2023/04/11,Fighting climate change in the Windy City&nbsp;&nbsp;POLITICO,POLITICO,climate change,
New research hints at how climate change is affecting some squirrels - The Washington Post,https://news.google.com/rss/articles/CBMiTGh0dHBzOi8vd3d3Lndhc2hpbmd0b25wb3N0LmNvbS9kYy1tZC12YS8yMDIzLzA0LzEwL3NxdWlycmVscy1jbGltYXRlLWNoYW5nZS_SAQA?oc=5,2023/04/10,New research hints at how climate change is affecting some squirrels&nbsp;&nbsp;The Washington Post,The Washington Post,climate change,
Opinion | The Superyachts of Billionaires Are Starting to Look a Lot Like Theft - The New York Times,https://news.google.com/rss/articles/CBMiWGh0dHBzOi8vd3d3Lm55dGltZXMuY29tLzIwMjMvMDQvMTAvb3Bpbmlvbi9zdXBlcnlhY2h0cy1wcml2YXRlLXBsYW5lLWNsaW1hdGUtY2hhbmdlLmh0bWzSAQA?oc=5,2023/04/10,Opinion | The Superyachts of Billionaires Are Starting to Look a Lot Like Theft&nbsp;&nbsp;The New York Times,The New York Times,climate change,
Bill Gates: Read these 4 books about climate change—including 'one of the first books I recommend to anyone' - CNBC,https://news.google.com/rss/articles/CBMiVWh0dHBzOi8vd3d3LmNuYmMuY29tLzIwMjMvMDQvMTEvYmlsbC1nYXRlcy1yZWNvbW1lbmRzLXRoZXNlLWNsaW1hdGUtY2hhbmdlLWJvb2tzLmh0bWzSAVlodHRwczovL3d3dy5jbmJjLmNvbS9hbXAvMjAyMy8wNC8xMS9iaWxsLWdhdGVzLXJlY29tbWVuZHMtdGhlc2UtY2xpbWF0ZS1jaGFuZ2UtYm9va3MuaHRtbA?oc=5,2023/04/11,Bill Gates: Read these 4 books about climate change—including 'one of the first books I recommend to anyone'&nbsp;&nbsp;CNBC,CNBC,climate change,
Volcano? Climate change? Bad luck? Mystery behind California's epic atmospheric river storms - Los Angeles Times,https://news.google.com/rss/articles/CBMiYWh0dHBzOi8vd3d3LmxhdGltZXMuY29tL2NhbGlmb3JuaWEvc3RvcnkvMjAyMy0wNC0xMS9jYWxpZm9ybmlhcy13aWxkLXdpbnRlci1vZi1hdG1vc3BoZXJpYy1yaXZlcnPSAQA?oc=5,2023/04/11,Volcano? Climate change? Bad luck? Mystery behind California's epic atmospheric river storms&nbsp;&nbsp;Los Angeles Times,Los Angeles Times,climate change,
How Climate Change Is Making Your Seasonal Allergies Symptoms Worse - TIME,https://news.google.com/rss/articles/CBMiQmh0dHBzOi8vdGltZS5jb20vNjI3MDE2Ni9ob3ctY2xpbWF0ZS1jaGFuZ2UtbWFrZXMtYWxsZXJnaWVzLXdvcnNlL9IBAA?oc=5,2023/04/10,How Climate Change Is Making Your Seasonal Allergies Symptoms Worse&nbsp;&nbsp;TIME,TIME,climate change,
Activist investors push companies for stronger action on climate change - NPR,https://news.google.com/rss/articles/CBMieGh0dHBzOi8vd3d3Lm5wci5vcmcvMjAyMy8wNC8wOS8xMTY4NDQ2NjIxL2J1c2luZXNzZXMtZmFjZS1tb3JlLWFuZC1tb3JlLXByZXNzdXJlLWZyb20taW52ZXN0b3JzLXRvLWFjdC1vbi1jbGltYXRlLWNoYW5nZdIBAA?oc=5,2023/04/09,Activist investors push companies for stronger action on climate change&nbsp;&nbsp;NPR,NPR,climate change,
Coalition calls on government to do more to combat climate change ⋆ Michigan Advance - Michigan Advance,https://news.google.com/rss/articles/CBMiaWh0dHBzOi8vbWljaGlnYW5hZHZhbmNlLmNvbS8yMDIzLzA0LzExL2NvYWxpdGlvbi1jYWxscy1vbi1nb3Zlcm5tZW50LXRvLWRvLW1vcmUtdG8tY29tYmF0LWNsaW1hdGUtY2hhbmdlL9IBAA?oc=5,2023/04/11,Coalition calls on government to do more to combat climate change ⋆ Michigan Advance&nbsp;&nbsp;Michigan Advance,Michigan Advance,climate change,
Allergy Season is Getting Worse — Thanks to Climate Change - NC State College of Natural Resources News,https://news.google.com/rss/articles/CBMiQGh0dHBzOi8vY25yLm5jc3UuZWR1L25ld3MvMjAyMy8wNC9hbGxlcmd5LXNlYXNvbi1jbGltYXRlLWNoYW5nZS_SAQA?oc=5,2023/04/11,Allergy Season is Getting Worse — Thanks to Climate Change&nbsp;&nbsp;NC State College of Natural Resources News,NC State College of Natural Resources News,climate change,
Lotusland to host Sustainability Symposium to address climate change and best practices for gardening and agriculture ... - KEYT,https://news.google.com/rss/articles/CBMirgFodHRwczovL2tleXQuY29tL25ld3MvbG9jYWwtbmV3cy90b3Atc3Rvcmllcy8yMDIzLzA0LzExL2xvdHVzbGFuZC10by1ob3N0LXN1c3RhaW5hYmlsaXR5LXN5bXBvc2l1bS10by1hZGRyZXNzLWNsaW1hdGUtY2hhbmdlLWFuZC1iZXN0LXByYWN0aWNlcy1mb3ItZ2FyZGVuaW5nLWFuZC1hZ3JpY3VsdHVyZS_SAQA?oc=5,2023/04/11,Lotusland to host Sustainability Symposium to address climate change and best practices for gardening and agriculture ...&nbsp;&nbsp;KEYT,KEYT,climate change,
How can native plants save ecosystems and combat climate change? - WXXI News,https://news.google.com/rss/articles/CBMidGh0dHBzOi8vd3d3Lnd4eGluZXdzLm9yZy9zaG93L2Nvbm5lY3Rpb25zLzIwMjMtMDQtMTEvaG93LWNhbi1uYXRpdmUtcGxhbnRzLXNhdmUtZWNvc3lzdGVtcy1hbmQtY29tYmF0LWNsaW1hdGUtY2hhbmdl0gEA?oc=5,2023/04/11,How can native plants save ecosystems and combat climate change?&nbsp;&nbsp;WXXI News,WXXI News,climate change,
Vail Symposium discussion explores solutions to climate change - Vail Daily,https://news.google.com/rss/articles/CBMicGh0dHBzOi8vd3d3LnZhaWxkYWlseS5jb20vZW50ZXJ0YWlubWVudC9jYWxlbmRhci92YWlsLXN5bXBvc2l1bS1kaXNjdXNzaW9uLWV4cGxvcmVzLXNvbHV0aW9ucy10by1jbGltYXRlLWNoYW5nZS_SAQA?oc=5,2023/04/11,Vail Symposium discussion explores solutions to climate change&nbsp;&nbsp;Vail Daily,Vail Daily,climate change,
Why Did The U.S. Solicitor General Flip-Flop on Climate Change? | Opinion - Newsweek,https://news.google.com/rss/articles/CBMiXmh0dHBzOi8vd3d3Lm5ld3N3ZWVrLmNvbS93aHktZGlkLXVzLXNvbGljaXRvci1nZW5lcmFsLWZsaXAtZmxvcC1jbGltYXRlLWNoYW5nZS1vcGluaW9uLTE3OTMwMzLSAWRodHRwczovL3d3dy5uZXdzd2Vlay5jb20vd2h5LWRpZC11cy1zb2xpY2l0b3ItZ2VuZXJhbC1mbGlwLWZsb3AtY2xpbWF0ZS1jaGFuZ2Utb3Bpbmlvbi0xNzkzMDMyP2FtcD0x?oc=5,2023/04/11,Why Did The U.S. Solicitor General Flip-Flop on Climate Change? | Opinion&nbsp;&nbsp;Newsweek,Newsweek,climate change,
Migratory birds can partially compensate for climate change - Phys.org,https://news.google.com/rss/articles/CBMiT2h0dHBzOi8vcGh5cy5vcmcvbmV3cy8yMDIzLTA0LW1pZ3JhdG9yeS1iaXJkcy1wYXJ0aWFsbHktY29tcGVuc2F0ZS1jbGltYXRlLmh0bWzSAU5odHRwczovL3BoeXMub3JnL25ld3MvMjAyMy0wNC1taWdyYXRvcnktYmlyZHMtcGFydGlhbGx5LWNvbXBlbnNhdGUtY2xpbWF0ZS5hbXA?oc=5,2023/04/11,Migratory birds can partially compensate for climate change&nbsp;&nbsp;Phys.org,Phys.org,climate change,
Climate Change and Weather impact on allergies - FOX 8 Local First,https://news.google.com/rss/articles/CBMiUmh0dHBzOi8vd3d3LmZveDhsaXZlLmNvbS92aWRlby8yMDIzLzA0LzExL2NsaW1hdGUtY2hhbmdlLXdlYXRoZXItaW1wYWN0LWFsbGVyZ2llcy_SAQA?oc=5,2023/04/11,Climate Change and Weather impact on allergies&nbsp;&nbsp;FOX 8 Local First,FOX 8 Local First,climate change,
Delaying departure may help birds migrate around climate change - Popular Science,https://news.google.com/rss/articles/CBMiVGh0dHBzOi8vd3d3LnBvcHNjaS5jb20vZW52aXJvbm1lbnQvbWlncmF0b3J5LWJpcmRzLWNsaW1hdGUtY2hhbmdlLWFtZXJpY2FuLXJlZHN0YXJ0L9IBWGh0dHBzOi8vd3d3LnBvcHNjaS5jb20vZW52aXJvbm1lbnQvbWlncmF0b3J5LWJpcmRzLWNsaW1hdGUtY2hhbmdlLWFtZXJpY2FuLXJlZHN0YXJ0Lz9hbXA?oc=5,2023/04/11,Delaying departure may help birds migrate around climate change&nbsp;&nbsp;Popular Science,Popular Science,climate change,
Spike in Major League Home Runs Tied to Climate Change - Dartmouth News,https://news.google.com/rss/articles/CBMiWGh0dHBzOi8vaG9tZS5kYXJ0bW91dGguZWR1L25ld3MvMjAyMy8wNC9zcGlrZS1tYWpvci1sZWFndWUtaG9tZS1ydW5zLXRpZWQtY2xpbWF0ZS1jaGFuZ2XSAQA?oc=5,2023/04/07,Spike in Major League Home Runs Tied to Climate Change&nbsp;&nbsp;Dartmouth News,Dartmouth News,climate change,
Legislation to address cost of climate change - erienewsnow.com,https://news.google.com/rss/articles/CBMiWGh0dHBzOi8vd3d3LmVyaWVuZXdzbm93LmNvbS9zdG9yeS80ODcwMDU5NC9sZWdpc2xhdGlvbi10by1hZGRyZXNzLWNvc3Qtb2YtY2xpbWF0ZS1jaGFuZ2XSAQA?oc=5,2023/04/11,Legislation to address cost of climate change&nbsp;&nbsp;erienewsnow.com,erienewsnow.com,climate change,
Why Your Swimming Pool May Be Worse for Urban Water Scarcity Than Climate Change - InsideClimate News,https://news.google.com/rss/articles/CBMifWh0dHBzOi8vaW5zaWRlY2xpbWF0ZW5ld3Mub3JnL25ld3MvMTEwNDIwMjMvd2h5LXlvdXItc3dpbW1pbmctcG9vbC1tYXktYmUtd29yc2UtZm9yLXVyYmFuLXdhdGVyLXNjYXJjaXR5LXRoYW4tY2xpbWF0ZS1jaGFuZ2Uv0gEA?oc=5,2023/04/11,Why Your Swimming Pool May Be Worse for Urban Water Scarcity Than Climate Change&nbsp;&nbsp;InsideClimate News,InsideClimate News,climate change,
Have a Voice on Climate Issues on Campus! Check Your Inbox for Sustainability Survey This Week - Syracuse University News,https://news.google.com/rss/articles/CBMihwFodHRwczovL25ld3Muc3lyLmVkdS9ibG9nLzIwMjMvMDQvMTEvaGF2ZS1hLXZvaWNlLW9uLWNsaW1hdGUtaXNzdWVzLW9uLWNhbXB1cy1jaGVjay15b3VyLWluYm94LWZvci10aGUtc3VzdGFpbmFiaWxpdHktc3VydmV5LXRoaXMtd2Vlay_SAQA?oc=5,2023/04/11,Have a Voice on Climate Issues on Campus! Check Your Inbox for Sustainability Survey This Week&nbsp;&nbsp;Syracuse University News,Syracuse University News,climate change,
Can Climate Change Make for Good TV? - The New York Times,https://news.google.com/rss/articles/CBMiQWh0dHBzOi8vd3d3Lm55dGltZXMuY29tLzIwMjMvMDQvMDcvY2xpbWF0ZS9jbGltYXRlLWNoYW5nZS10di5odG1s0gEA?oc=5,2023/04/07,Can Climate Change Make for Good TV?&nbsp;&nbsp;The New York Times,The New York Times,climate change,
Inflation May Make People Less Likely to Back Climate Policy - TIME,https://news.google.com/rss/articles/CBMiMGh0dHBzOi8vdGltZS5jb20vNjI3MDMwNC9jbGltYXRlLXJpc2staW5mbGF0aW9uL9IBAA?oc=5,2023/04/11,Inflation May Make People Less Likely to Back Climate Policy&nbsp;&nbsp;TIME,TIME,climate change,
Climate deniers ejected from teachers conference for deceptive comic book - The Washington Post,https://news.google.com/rss/articles/CBMiW2h0dHBzOi8vd3d3Lndhc2hpbmd0b25wb3N0LmNvbS9jbGltYXRlLWVudmlyb25tZW50LzIwMjMvMDQvMTEvY28yLWNvYWxpdGlvbi1jbGltYXRlLWRlbmlhbC_SAQA?oc=5,2023/04/11,Climate deniers ejected from teachers conference for deceptive comic book&nbsp;&nbsp;The Washington Post,The Washington Post,climate change,
Bangladesh develops innovations to fight climate change - PBS NewsHour,https://news.google.com/rss/articles/CBMibWh0dHBzOi8vd3d3LnBicy5vcmcvbmV3c2hvdXIvc2hvdy9kcml2ZW4tYnktbmVjZXNzaXR5LWJhbmdsYWRlc2gtZGV2ZWxvcHMtaW5ub3ZhdGlvbnMtdG8tZmlnaHQtY2xpbWF0ZS1jaGFuZ2XSAXFodHRwczovL3d3dy5wYnMub3JnL25ld3Nob3VyL2FtcC9zaG93L2RyaXZlbi1ieS1uZWNlc3NpdHktYmFuZ2xhZGVzaC1kZXZlbG9wcy1pbm5vdmF0aW9ucy10by1maWdodC1jbGltYXRlLWNoYW5nZQ?oc=5,2023/04/09,Bangladesh develops innovations to fight climate change&nbsp;&nbsp;PBS NewsHour,PBS NewsHour,climate change,
Forests In The US Face An Unclear Future Due To Climate Change - CleanTechnica,https://news.google.com/rss/articles/CBMiZGh0dHBzOi8vY2xlYW50ZWNobmljYS5jb20vMjAyMy8wNC8xMS9mb3Jlc3RzLWluLXRoZS11cy1mYWNlLWFuLXVuY2xlYXItZnV0dXJlLWR1ZS10by1jbGltYXRlLWNoYW5nZS_SAWhodHRwczovL2NsZWFudGVjaG5pY2EuY29tLzIwMjMvMDQvMTEvZm9yZXN0cy1pbi10aGUtdXMtZmFjZS1hbi11bmNsZWFyLWZ1dHVyZS1kdWUtdG8tY2xpbWF0ZS1jaGFuZ2UvYW1wLw?oc=5,2023/04/11,Forests In The US Face An Unclear Future Due To Climate Change&nbsp;&nbsp;CleanTechnica,CleanTechnica,climate change,
Why baseballs fly further and more home runs happen with climate change - The Washington Post,https://news.google.com/rss/articles/CBMiX2h0dHBzOi8vd3d3Lndhc2hpbmd0b25wb3N0LmNvbS9jbGltYXRlLWVudmlyb25tZW50LzIwMjMvMDQvMDcvYmFzZWJhbGwtaG9tZXJ1bnMtY2xpbWF0ZS1jaGFuZ2Uv0gEA?oc=5,2023/04/07,Why baseballs fly further and more home runs happen with climate change&nbsp;&nbsp;The Washington Post,The Washington Post,climate change,
Stacey Abrams Does Not Play When It Comes To Climate Change - Seattle Medium,https://news.google.com/rss/articles/CBMiVmh0dHBzOi8vc2VhdHRsZW1lZGl1bS5jb20vc3RhY2V5LWFicmFtcy1kb2VzLW5vdC1wbGF5LXdoZW4taXQtY29tZXMtdG8tY2xpbWF0ZS1jaGFuZ2Uv0gEA?oc=5,2023/04/11,Stacey Abrams Does Not Play When It Comes To Climate Change&nbsp;&nbsp;Seattle Medium,Seattle Medium,climate change,
Japan's three megabanks to face votes on climate change - Reuters,https://news.google.com/rss/articles/CBMiemh0dHBzOi8vd3d3LnJldXRlcnMuY29tL2J1c2luZXNzL3N1c3RhaW5hYmxlLWJ1c2luZXNzL2phcGFucy10aHJlZS1tZWdhYmFua3MtZmFjZS12b3Rlcy1jbGltYXRlLWNoYW5nZS1zb3VyY2VzLTIwMjMtMDQtMTAv0gEA?oc=5,2023/04/10,Japan's three megabanks to face votes on climate change&nbsp;&nbsp;Reuters,Reuters,climate change,
"SpeakUp: PNM-Avangrid, extended school year, climate change, border security and yellow traffic signals - Albuquerque Journal",https://news.google.com/rss/articles/CBMiMWh0dHBzOi8vd3d3LmFicWpvdXJuYWwuY29tLzI1ODkyNTIvc3BlYWt1cC03Lmh0bWzSAQA?oc=5,2023/04/11,"SpeakUp: PNM-Avangrid, extended school year, climate change, border security and yellow traffic signals&nbsp;&nbsp;Albuquerque Journal",Albuquerque Journal,climate change,
"Noam Chomsky on ""savage capitalism"": From climate change to bank failures to war - Salon",https://news.google.com/rss/articles/CBMibmh0dHBzOi8vd3d3LnNhbG9uLmNvbS8yMDIzLzA0LzExL25vYW0tY2hvbXNreS1vbi1zYXZhZ2UtY2FwaXRhbGlzbS1mcm9tLWNsaW1hdGUtY2hhbmdlLXRvLWZhaWx1cmVzLXRvX3BhcnRuZXIv0gEA?oc=5,2023/04/11,"Noam Chomsky on ""savage capitalism"": From climate change to bank failures to war&nbsp;&nbsp;Salon",Salon,climate change,
Climate Change and Poverty Pose Challenge to World Bank - The Wall Street Journal,https://news.google.com/rss/articles/CBMiXWh0dHBzOi8vd3d3Lndzai5jb20vYXJ0aWNsZXMvY2xpbWF0ZS1jaGFuZ2UtYW5kLXBvdmVydHktcG9zZS1jaGFsbGVuZ2UtdG8td29ybGQtYmFuay02OWYyN2I5ZdIBAA?oc=5,2023/04/10,Climate Change and Poverty Pose Challenge to World Bank&nbsp;&nbsp;The Wall Street Journal,The Wall Street Journal,climate change,
Dartmouth study looks at how climate change affects home runs - New Hampshire Public Radio,https://news.google.com/rss/articles/CBMie2h0dHBzOi8vd3d3Lm5ocHIub3JnL3Nwb3J0cy8yMDIzLTA0LTEwL2JyaW5naW5nLXRoZS1oZWF0LWRhcnRtb3V0aC1yZXNlYXJjaGVycy1zYXktY2xpbWF0ZS1jaGFuZ2UtaXMtZnVlbGluZy1zb21lLWhvbWUtcnVuc9IBAA?oc=5,2023/04/10,Dartmouth study looks at how climate change affects home runs&nbsp;&nbsp;New Hampshire Public Radio,New Hampshire Public Radio,climate change,
Baseball Players Are Hitting More Home Runs—And Climate Change Is Helping - Scientific American,https://news.google.com/rss/articles/CBMidWh0dHBzOi8vd3d3LnNjaWVudGlmaWNhbWVyaWNhbi5jb20vYXJ0aWNsZS9iYXNlYmFsbC1wbGF5ZXJzLWFyZS1oaXR0aW5nLW1vcmUtaG9tZS1ydW5zLWFuZC1jbGltYXRlLWNoYW5nZS1pcy1oZWxwaW5nL9IBAA?oc=5,2023/04/09,Baseball Players Are Hitting More Home Runs—And Climate Change Is Helping&nbsp;&nbsp;Scientific American,Scientific American,climate change,
What is climate change? A really simple guide - BBC,https://news.google.com/rss/articles/CBMiNWh0dHBzOi8vd3d3LmJiYy5jb20vbmV3cy9zY2llbmNlLWVudmlyb25tZW50LTI0MDIxNzcy0gE5aHR0cHM6Ly93d3cuYmJjLmNvbS9uZXdzL3NjaWVuY2UtZW52aXJvbm1lbnQtMjQwMjE3NzIuYW1w?oc=5,2023/03/17,What is climate change? A really simple guide&nbsp;&nbsp;BBC,BBC,climate change,
"'Somalis Are Among The Greatest Victims' Of Climate Change, Says UN Chief - Barron's",https://news.google.com/rss/articles/CBMibGh0dHBzOi8vd3d3LmJhcnJvbnMuY29tL25ld3Mvc29tYWxpcy1hcmUtYW1vbmctdGhlLWdyZWF0ZXN0LXZpY3RpbXMtb2YtY2xpbWF0ZS1jaGFuZ2Utc2F5cy11bi1jaGllZi00NTk5ZmQxNNIBcGh0dHBzOi8vd3d3LmJhcnJvbnMuY29tL2FtcC9uZXdzL3NvbWFsaXMtYXJlLWFtb25nLXRoZS1ncmVhdGVzdC12aWN0aW1zLW9mLWNsaW1hdGUtY2hhbmdlLXNheXMtdW4tY2hpZWYtNDU5OWZkMTQ?oc=5,2023/04/11,"'Somalis Are Among The Greatest Victims' Of Climate Change, Says UN Chief&nbsp;&nbsp;Barron's",Barron's,climate change,
David Keith joins University of Chicago to lead Climate Systems Engineering initiative - UChicago News,https://news.google.com/rss/articles/CBMicGh0dHBzOi8vbmV3cy51Y2hpY2Fnby5lZHUvc3RvcnkvZGF2aWQta2VpdGgtam9pbnMtdW5pdmVyc2l0eS1jaGljYWdvLWxlYWQtY2xpbWF0ZS1zeXN0ZW1zLWVuZ2luZWVyaW5nLWluaXRpYXRpdmXSAQA?oc=5,2023/04/11,David Keith joins University of Chicago to lead Climate Systems Engineering initiative&nbsp;&nbsp;UChicago News,UChicago News,climate change,
Economics Professor Cited in White House Report - Fordham News,https://news.google.com/rss/articles/CBMiXmh0dHBzOi8vbmV3cy5mb3JkaGFtLmVkdS9wb2xpdGljcy1hbmQtc29jaWV0eS9lY29ub21pY3MtcHJvZmVzc29yLWNpdGVkLWluLXdoaXRlLWhvdXNlLXJlcG9ydC_SAQA?oc=5,2023/04/11,Economics Professor Cited in White House Report&nbsp;&nbsp;Fordham News,Fordham News,climate change,
G7 climate ministers drop language on growing LNG demand in draft - Reuters,https://news.google.com/rss/articles/CBMidGh0dHBzOi8vd3d3LnJldXRlcnMuY29tL2J1c2luZXNzL2Vudmlyb25tZW50L2c3LWNsaW1hdGUtbWluaXN0ZXJzLWRyb3AtbGFuZ3VhZ2UtZ3Jvd2luZy1sbmctZGVtYW5kLWRyYWZ0LTIwMjMtMDQtMTEv0gEA?oc=5,2023/04/11,G7 climate ministers drop language on growing LNG demand in draft&nbsp;&nbsp;Reuters,Reuters,climate change,
Migratory birds have new strategy to cope with climate change - Earth.com,https://news.google.com/rss/articles/CBMiWWh0dHBzOi8vd3d3LmVhcnRoLmNvbS9uZXdzL21pZ3JhdG9yeS1iaXJkcy1oYXZlLW5ldy1zdHJhdGVneS10by1jb3BlLXdpdGgtY2xpbWF0ZS1jaGFuZ2Uv0gEA?oc=5,2023/04/11,Migratory birds have new strategy to cope with climate change&nbsp;&nbsp;Earth.com,Earth.com,climate change,
Why Are Taxpayers Propping Up the Fossil Fuel Industry? - The New York Times,https://news.google.com/rss/articles/CBMiSWh0dHBzOi8vd3d3Lm55dGltZXMuY29tLzIwMjMvMDQvMTEvY2xpbWF0ZS9vaWwtZ2FzLXN1YnNpZGllcy1jbGltYXRlLmh0bWzSAQA?oc=5,2023/04/11,Why Are Taxpayers Propping Up the Fossil Fuel Industry?&nbsp;&nbsp;The New York Times,The New York Times,climate change,
Climate change is fuelling the spread of viral diseases in plants - New Scientist,https://news.google.com/rss/articles/CBMib2h0dHBzOi8vd3d3Lm5ld3NjaWVudGlzdC5jb20vYXJ0aWNsZS8yMzY3OTUyLWNsaW1hdGUtY2hhbmdlLWlzLWZ1ZWxsaW5nLXRoZS1zcHJlYWQtb2YtdmlyYWwtZGlzZWFzZXMtaW4tcGxhbnRzL9IBAA?oc=5,2023/04/11,Climate change is fuelling the spread of viral diseases in plants&nbsp;&nbsp;New Scientist,New Scientist,climate change,
"Baseball's home run boom is due, in part, to climate change - Science News Magazine",https://news.google.com/rss/articles/CBMiRGh0dHBzOi8vd3d3LnNjaWVuY2VuZXdzLm9yZy9hcnRpY2xlL2Jhc2ViYWxsLWhvbWUtcnVuLWNsaW1hdGUtY2hhbmdl0gEA?oc=5,2023/04/07,"Baseball's home run boom is due, in part, to climate change&nbsp;&nbsp;Science News Magazine",Science News Magazine,climate change,
Washington's updated building codes seen as vital tool to fight climate change - The Columbian,https://news.google.com/rss/articles/CBMieWh0dHBzOi8vd3d3LmNvbHVtYmlhbi5jb20vbmV3cy8yMDIzL2Fwci8wOS93YXNoaW5ndG9ucy11cGRhdGVkLWJ1aWxkaW5nLWNvZGVzLXNlZW4tYXMtdml0YWwtdG9vbC10by1maWdodC1jbGltYXRlLWNoYW5nZS_SAQA?oc=5,2023/04/09,Washington's updated building codes seen as vital tool to fight climate change&nbsp;&nbsp;The Columbian,The Columbian,climate change,
"The Old #VanLife Is Out, But a New Nomadic Trend Is Taking Its Place - InsideHook",https://news.google.com/rss/articles/CBMiWGh0dHBzOi8vd3d3Lmluc2lkZWhvb2suY29tL2RhaWx5X2JyaWVmL3ZlaGljbGVzL3ZhbmxpZmUtbmV3LW5vbWFkaWMtdHJlbmQtY2xpbWF0ZS1jaGFuZ2XSAVxodHRwczovL3d3dy5pbnNpZGVob29rLmNvbS9kYWlseV9icmllZi92ZWhpY2xlcy92YW5saWZlLW5ldy1ub21hZGljLXRyZW5kLWNsaW1hdGUtY2hhbmdlL2FtcA?oc=5,2023/04/11,"The Old #VanLife Is Out, But a New Nomadic Trend Is Taking Its Place&nbsp;&nbsp;InsideHook",InsideHook,climate change,
"Scientists say climate change, rising water temperatures, responsible for right whale sightings - Boston.com",https://news.google.com/rss/articles/CBMid2h0dHBzOi8vd3d3LmJvc3Rvbi5jb20vbmV3cy9lbnZpcm9ubWVudC8yMDIzLzA0LzEwL3JpZ2h0LXdoYWxlLXNpZ2h0aW5ncy1jYXBlLWNvZC1iYXktY2xpbWF0ZS1jaGFuZ2Utd2F0ZXItdGVtcGVyYXR1cmUv0gF9aHR0cHM6Ly93d3cuYm9zdG9uLmNvbS9uZXdzL2Vudmlyb25tZW50LzIwMjMvMDQvMTAvcmlnaHQtd2hhbGUtc2lnaHRpbmdzLWNhcGUtY29kLWJheS1jbGltYXRlLWNoYW5nZS13YXRlci10ZW1wZXJhdHVyZS8_YW1wPTE?oc=5,2023/04/10,"Scientists say climate change, rising water temperatures, responsible for right whale sightings&nbsp;&nbsp;Boston.com",Boston.com,climate change,
Climate Change Is Making Home Runs Easier to Hit - Smithsonian Magazine,https://news.google.com/rss/articles/CBMiaWh0dHBzOi8vd3d3LnNtaXRoc29uaWFubWFnLmNvbS9zY2llbmNlLW5hdHVyZS9jbGltYXRlLWNoYW5nZS1pcy1tYWtpbmctaG9tZS1ydW5zLWVhc2llci10by1oaXQtMTgwOTgxOTQ5L9IBAA?oc=5,2023/04/07,Climate Change Is Making Home Runs Easier to Hit&nbsp;&nbsp;Smithsonian Magazine,Smithsonian Magazine,climate change,
Expect more home runs in baseball because of climate change - Grist,https://news.google.com/rss/articles/CBMiSWh0dHBzOi8vZ3Jpc3Qub3JnL2N1bHR1cmUvbW9yZS1ob21lLXJ1bnMtYmFzZWJhbGwtYmVjYXVzZS1jbGltYXRlLWNoYW5nZS_SAQA?oc=5,2023/04/10,Expect more home runs in baseball because of climate change&nbsp;&nbsp;Grist,Grist,climate change,
US reservoirs are evaporating more quickly because of climate change - New Scientist,https://news.google.com/rss/articles/CBMicmh0dHBzOi8vd3d3Lm5ld3NjaWVudGlzdC5jb20vYXJ0aWNsZS8yMzY3MzQ3LXVzLXJlc2Vydm9pcnMtYXJlLWV2YXBvcmF0aW5nLW1vcmUtcXVpY2tseS1iZWNhdXNlLW9mLWNsaW1hdGUtY2hhbmdlL9IBAA?oc=5,2023/04/09,US reservoirs are evaporating more quickly because of climate change&nbsp;&nbsp;New Scientist,New Scientist,climate change,
Climate Change Wiped Out Thousands of the West's Most Iconic Cactus. Can Planting More Help a Species that Takes ... - InsideClimate News,https://news.google.com/rss/articles/CBMiT2h0dHBzOi8vaW5zaWRlY2xpbWF0ZW5ld3Mub3JnL25ld3MvMTAwNDIwMjMvc2FndWFyby1yZXN0b3JhdGlvbi1jbGltYXRlLWNoYW5nZS_SAQA?oc=5,2023/04/10,Climate Change Wiped Out Thousands of the West's Most Iconic Cactus. Can Planting More Help a Species that Takes ...&nbsp;&nbsp;InsideClimate News,InsideClimate News,climate change,
"Climate Change Plays Role In Home Run Surge, Study Finds - TIME",https://news.google.com/rss/articles/CBMiO2h0dHBzOi8vdGltZS5jb20vNjI2ODg2My9jbGltYXRlLWNoYW5nZS1ob21lLXJ1bnMtYmFzZWJhbGwv0gEA?oc=5,2023/04/07,"Climate Change Plays Role In Home Run Surge, Study Finds&nbsp;&nbsp;TIME",TIME,climate change,
GOP urged to denounce ‘alarmist’ UN climate change report - Fox News,https://news.google.com/rss/articles/CBMiSWh0dHBzOi8vd3d3LmZveG5ld3MuY29tL3BvbGl0aWNzL2hvdXNlLWxhd21ha2Vycy11bi1yZXBvcnQtY2xpbWF0ZS1jaGFuZ2XSAU1odHRwczovL3d3dy5mb3huZXdzLmNvbS9wb2xpdGljcy9ob3VzZS1sYXdtYWtlcnMtdW4tcmVwb3J0LWNsaW1hdGUtY2hhbmdlLmFtcA?oc=5,2023/04/08,GOP urged to denounce ‘alarmist’ UN climate change report&nbsp;&nbsp;Fox News,Fox News,climate change,
4 in 10 say next vehicle may be electric: AP-NORC/EPIC poll - The Associated Press,https://news.google.com/rss/articles/CBMia2h0dHBzOi8vYXBuZXdzLmNvbS9hcnRpY2xlL2VsZWN0cmljLXZlaGljbGVzLWJpZGVuLWVwYS1wb2xsLWNsaW1hdGUtY2hhbmdlLTMyZmQyMjMyZTZhMDUzODQ4ZWJmZTc3NTZmYTIxNTU20gEA?oc=5,2023/04/11,4 in 10 say next vehicle may be electric: AP-NORC/EPIC poll&nbsp;&nbsp;The Associated Press,The Associated Press,climate change,
"Climate change embraced by DOT, but not by all - The Union Leader",https://news.google.com/rss/articles/CBMimAFodHRwczovL3d3dy51bmlvbmxlYWRlci5jb20vbmV3cy9idXNpbmVzcy90cmFuc3BvcnRhdGlvbi9jbGltYXRlLWNoYW5nZS1lbWJyYWNlZC1ieS1kb3QtYnV0LW5vdC1ieS1hbGwvYXJ0aWNsZV8yMjEwOTY0NC01YjZkLTU2ZTctYjc2OC0xYTNlYmRjZGQ2YjQuaHRtbNIBAA?oc=5,2023/04/11,"Climate change embraced by DOT, but not by all&nbsp;&nbsp;The Union Leader",The Union Leader,climate change,
Biden Administration Proposes Evenly Cutting Colorado River Water Rations - The New York Times,https://news.google.com/rss/articles/CBMiUWh0dHBzOi8vd3d3Lm55dGltZXMuY29tLzIwMjMvMDQvMTEvY2xpbWF0ZS9jb2xvcmFkby1yaXZlci13YXRlci1jdXRzLWRyb3VnaHQuaHRtbNIBAA?oc=5,2023/04/11,Biden Administration Proposes Evenly Cutting Colorado River Water Rations&nbsp;&nbsp;The New York Times,The New York Times,climate change,
Climate change could spell even worse winter storms in California - NPR,https://news.google.com/rss/articles/CBMid2h0dHBzOi8vd3d3Lm5wci5vcmcvMjAyMy8wNC8wOC8xMTY4NTI3MjEyL3doeS1jYWxpZm9ybmlhcy1mbG9vZHMtbWF5LWJlLW9ubHktYS10YXN0ZS1vZi13aGF0cy10by1jb21lLWluLWEtd2FybWVyLXdvcmxk0gEA?oc=5,2023/04/08,Climate change could spell even worse winter storms in California&nbsp;&nbsp;NPR,NPR,climate change,
Climate change may be making turbulence a lot worse - NPR,https://news.google.com/rss/articles/CBMiQ2h0dHBzOi8vd3d3Lm5wci5vcmcvMjAyMy8wNC8wNi8xMTY2OTkzOTkyL3R1cmJ1bGVuY2UtY2xpbWF0ZS1jaGFuZ2XSAQA?oc=5,2023/04/06,Climate change may be making turbulence a lot worse&nbsp;&nbsp;NPR,NPR,climate change,
Opinion | How health systems can fight climate change by not using desflurane - The Washington Post,https://news.google.com/rss/articles/CBMiZGh0dHBzOi8vd3d3Lndhc2hpbmd0b25wb3N0LmNvbS9vcGluaW9ucy8yMDIzLzA0LzA1L2hlYWx0aC1jYXJlLWNsaW1hdGUtY2hhbmdlLWRlc2ZsdXJhbmUtYW5lc3RoZXRpYy_SAQA?oc=5,2023/04/05,Opinion | How health systems can fight climate change by not using desflurane&nbsp;&nbsp;The Washington Post,The Washington Post,climate change,
The World Bank Is Getting a New Chief. Will He Pivot Toward Climate Action? - The New York Times,https://news.google.com/rss/articles/CBMiRWh0dHBzOi8vd3d3Lm55dGltZXMuY29tLzIwMjMvMDQvMDkvY2xpbWF0ZS93b3JsZC1iYW5rLWFqYXktYmFuZ2EuaHRtbNIBAA?oc=5,2023/04/10,The World Bank Is Getting a New Chief. Will He Pivot Toward Climate Action?&nbsp;&nbsp;The New York Times,The New York Times,climate change,
Bubble trouble: Climate change is creating a huge and growing U.S. real estate bubble » Yale Climate Connections - Yale Climate Connections,https://news.google.com/rss/articles/CBMif2h0dHBzOi8veWFsZWNsaW1hdGVjb25uZWN0aW9ucy5vcmcvMjAyMy8wNC9idWJibGUtdHJvdWJsZS1jbGltYXRlLWNoYW5nZS1pcy1jcmVhdGluZy1hLWh1Z2UtYW5kLWdyb3dpbmctdS1zLXJlYWwtZXN0YXRlLWJ1YmJsZS_SAQA?oc=5,2023/04/10,Bubble trouble: Climate change is creating a huge and growing U.S. real estate bubble » Yale Climate Connections&nbsp;&nbsp;Yale Climate Connections,Yale Climate Connections,climate change,
Climate change may drive more hurricanes towards the US east coast - New Scientist,https://news.google.com/rss/articles/CBMicGh0dHBzOi8vd3d3Lm5ld3NjaWVudGlzdC5jb20vYXJ0aWNsZS8yMzY4MzAyLWNsaW1hdGUtY2hhbmdlLW1heS1kcml2ZS1tb3JlLWh1cnJpY2FuZXMtdG93YXJkcy10aGUtdXMtZWFzdC1jb2FzdC_SAQA?oc=5,2023/04/07,Climate change may drive more hurricanes towards the US east coast&nbsp;&nbsp;New Scientist,New Scientist,climate change,
"USDA Awards Innovations in Climate-Smart Agriculture, Soil Health and Nutrient Management - USDA.gov",https://news.google.com/rss/articles/CBMidmh0dHBzOi8vd3d3LnVzZGEuZ292L21lZGlhL3ByZXNzLXJlbGVhc2VzLzIwMjMvMDQvMDYvdXNkYS1hd2FyZHMtaW5ub3ZhdGlvbnMtY2xpbWF0ZS1zbWFydC1hZ3JpY3VsdHVyZS1zb2lsLWhlYWx0aC1hbmTSAQA?oc=5,2023/04/06,"USDA Awards Innovations in Climate-Smart Agriculture, Soil Health and Nutrient Management&nbsp;&nbsp;USDA.gov",USDA.gov,climate change,
How climate change is helping the Yankees and Mets hit home runs - Gothamist,https://news.google.com/rss/articles/CBMiW2h0dHBzOi8vZ290aGFtaXN0LmNvbS9uZXdzL2hvdy1jbGltYXRlLWNoYW5nZS1pcy1oZWxwaW5nLXRoZS15YW5rZWVzLWFuZC1tZXRzLWhpdC1ob21lLXJ1bnPSAQA?oc=5,2023/04/07,How climate change is helping the Yankees and Mets hit home runs&nbsp;&nbsp;Gothamist,Gothamist,climate change,
WHO Warns Climate Change Causing Surge in Mosquito-Borne Diseases - Voice of America - VOA News,https://news.google.com/rss/articles/CBMiaGh0dHBzOi8vd3d3LnZvYW5ld3MuY29tL2Evd2hvLXdhcm5zLWNsaW1hdGUtY2hhbmdlLWNhdXNpbmctc3VyZ2UtaW4tbW9zcXVpdG8tYm9ybmUtZGlzZWFzZXMvNzA0MzcwMC5odG1s0gFqaHR0cHM6Ly93d3cudm9hbmV3cy5jb20vYW1wL3doby13YXJucy1jbGltYXRlLWNoYW5nZS1jYXVzaW5nLXN1cmdlLWluLW1vc3F1aXRvLWJvcm5lLWRpc2Vhc2VzLzcwNDM3MDAuaHRtbA?oc=5,2023/04/10,WHO Warns Climate Change Causing Surge in Mosquito-Borne Diseases&nbsp;&nbsp;Voice of America - VOA News,Voice of America - VOA News,climate change,
The food we eat and its impact on climate change - CBS News,https://news.google.com/rss/articles/CBMiSmh0dHBzOi8vd3d3LmNic25ld3MuY29tL25ld3MvY2xpbWF0ZS1jaGFuZ2UtZm9vZC13ZS1lYXQtbWV0aGFuZS1lbWlzc2lvbnMv0gFOaHR0cHM6Ly93d3cuY2JzbmV3cy5jb20vYW1wL25ld3MvY2xpbWF0ZS1jaGFuZ2UtZm9vZC13ZS1lYXQtbWV0aGFuZS1lbWlzc2lvbnMv?oc=5,2023/04/06,The food we eat and its impact on climate change&nbsp;&nbsp;CBS News,CBS News,climate change,
Cost of climate policies heat up beyond budget talks - Spectrum News,https://news.google.com/rss/articles/CBMidWh0dHBzOi8vc3BlY3RydW1sb2NhbG5ld3MuY29tL255cy9jZW50cmFsLW55L3BvbGl0aWNzLzIwMjMvMDQvMTAvY29zdC1vZi1jbGltYXRlLXBvbGljaWVzLWhlYXQtdXAtYmV5b25kLWJ1ZGdldC10YWxrc9IBAA?oc=5,2023/04/11,Cost of climate policies heat up beyond budget talks&nbsp;&nbsp;Spectrum News,Spectrum News,climate change,
Climate change and hurricanes: More storms could hit U.S. coasts - USA TODAY,https://news.google.com/rss/articles/CBMiamh0dHBzOi8vd3d3LnVzYXRvZGF5LmNvbS9zdG9yeS9uZXdzL25hdGlvbi8yMDIzLzA0LzA4L2NsaW1hdGUtY2hhbmdlLWh1cnJpY2FuZXMtdXMtY29hc3RsaW5lcy8xMTYyNDIyNDAwMi_SAQA?oc=5,2023/04/08,Climate change and hurricanes: More storms could hit U.S. coasts&nbsp;&nbsp;USA TODAY,USA TODAY,climate change,
Climate change now blamed for . . . more home runs? - New York Post,https://news.google.com/rss/articles/CBMiWmh0dHBzOi8vbnlwb3N0LmNvbS8yMDIzLzA0LzA3L2NsaW1hdGUtY2hhbmdlLWxpbmtlZC10by1tb3JlLWhvbWUtcnVucy1pbi1tbGItc3R1ZHktY2xhaW1zL9IBXmh0dHBzOi8vbnlwb3N0LmNvbS8yMDIzLzA0LzA3L2NsaW1hdGUtY2hhbmdlLWxpbmtlZC10by1tb3JlLWhvbWUtcnVucy1pbi1tbGItc3R1ZHktY2xhaW1zL2FtcC8?oc=5,2023/04/07,Climate change now blamed for . . . more home runs?&nbsp;&nbsp;New York Post ,New York Post,climate change,
Representation of adaptation in quantitative climate assessments - Nature.com,https://news.google.com/rss/articles/CBMiMmh0dHBzOi8vd3d3Lm5hdHVyZS5jb20vYXJ0aWNsZXMvczQxNTU4LTAyMy0wMTY0NC0x0gEA?oc=5,2023/04/06,Representation of adaptation in quantitative climate assessments&nbsp;&nbsp;Nature.com,Nature.com,climate change,
What can you do in the fight against climate change? - The National,https://news.google.com/rss/articles/CBMic2h0dHBzOi8vd3d3LnRoZW5hdGlvbmFsbmV3cy5jb20vY2xpbWF0ZS9lbnZpcm9ubWVudC8yMDIzLzA0LzExL3doYXQtY2FuLXlvdS1kby1pbi10aGUtZmlnaHQtYWdhaW5zdC1jbGltYXRlLWNoYW5nZS_SAQA?oc=5,2023/04/11,What can you do in the fight against climate change?&nbsp;&nbsp;The National,The National,climate change,
Why MLB players could be hitting hundreds of more home runs each season by the end of the century - CNN,https://news.google.com/rss/articles/CBMiXmh0dHBzOi8vd3d3LmNubi5jb20vMjAyMy8wNC8wNy9zcG9ydC9iYXNlYmFsbC1ob21lLXJ1bnMtYWlyLXRlbXBlcmF0dXJlLWNsaW1hdGUtc2NuL2luZGV4Lmh0bWzSAWJodHRwczovL2FtcC5jbm4uY29tL2Nubi8yMDIzLzA0LzA3L3Nwb3J0L2Jhc2ViYWxsLWhvbWUtcnVucy1haXItdGVtcGVyYXR1cmUtY2xpbWF0ZS1zY24vaW5kZXguaHRtbA?oc=5,2023/04/07,Why MLB players could be hitting hundreds of more home runs each season by the end of the century&nbsp;&nbsp;CNN,CNN,climate change,
Showing people the impact of climate change fails to drive action - World Economic Forum,https://news.google.com/rss/articles/CBMiU2h0dHBzOi8vd3d3LndlZm9ydW0ub3JnL2FnZW5kYS8yMDIzLzA0L2V4dHJlbWUtd2VhdGhlci1pbXBhY3RzLWZhaWwtY2xpbWF0ZS1hY3Rpb24v0gEA?oc=5,2023/04/06,Showing people the impact of climate change fails to drive action&nbsp;&nbsp;World Economic Forum,World Economic Forum,climate change,
Wonder Why MLB Sluggers Are Hitting More Home Runs? It Might Be Climate Change. - Forbes,https://news.google.com/rss/articles/CBMihgFodHRwczovL3d3dy5mb3JiZXMuY29tL3NpdGVzL2RlcmVrc2F1bC8yMDIzLzA0LzA3L3dvbmRlci13aHktbWxiLXNsdWdnZXJzLWFyZS1oaXR0aW5nLW1vcmUtaG9tZS1ydW5zLWNsaW1hdGUtY2hhbmdlLWhhcy10by1kby13aXRoLWl0L9IBigFodHRwczovL3d3dy5mb3JiZXMuY29tL3NpdGVzL2RlcmVrc2F1bC8yMDIzLzA0LzA3L3dvbmRlci13aHktbWxiLXNsdWdnZXJzLWFyZS1oaXR0aW5nLW1vcmUtaG9tZS1ydW5zLWNsaW1hdGUtY2hhbmdlLWhhcy10by1kby13aXRoLWl0L2FtcC8?oc=5,2023/04/07,Wonder Why MLB Sluggers Are Hitting More Home Runs? It Might Be Climate Change.&nbsp;&nbsp;Forbes,Forbes,climate change,
Climate change mitigation: reducing emissions - European Environment Agency,https://news.google.com/rss/articles/CBMiWWh0dHBzOi8vd3d3LmVlYS5ldXJvcGEuZXUvZW4vdG9waWNzL2luLWRlcHRoL2NsaW1hdGUtY2hhbmdlLW1pdGlnYXRpb24tcmVkdWNpbmctZW1pc3Npb25z0gEA?oc=5,2023/04/04,Climate change mitigation: reducing emissions&nbsp;&nbsp;European Environment Agency,European Environment Agency,climate change,
How I got arrested trying to save the planet | Close Up - Al Jazeera English,https://news.google.com/rss/articles/CBMiU2h0dHBzOi8vd3d3LmFsamF6ZWVyYS5jb20vcHJvZ3JhbS9hbC1qYXplZXJhLWNsb3NlLXVwLzIwMjMvNC8xMS90aGUtbGFzdC1nZW5lcmF0aW9u0gFXaHR0cHM6Ly93d3cuYWxqYXplZXJhLmNvbS9hbXAvcHJvZ3JhbS9hbC1qYXplZXJhLWNsb3NlLXVwLzIwMjMvNC8xMS90aGUtbGFzdC1nZW5lcmF0aW9u?oc=5,2023/04/11,How I got arrested trying to save the planet | Close Up&nbsp;&nbsp;Al Jazeera English,Al Jazeera English,climate change,
Study: Climate change causing more MLB home runs - WCAX,https://news.google.com/rss/articles/CBMiUGh0dHBzOi8vd3d3LndjYXguY29tLzIwMjMvMDQvMDcvc3R1ZHktY2xpbWF0ZS1jaGFuZ2UtY2F1c2luZy1tb3JlLW1sYi1ob21lLXJ1bnMv0gFfaHR0cHM6Ly93d3cud2NheC5jb20vMjAyMy8wNC8wNy9zdHVkeS1jbGltYXRlLWNoYW5nZS1jYXVzaW5nLW1vcmUtbWxiLWhvbWUtcnVucy8_b3V0cHV0VHlwZT1hbXA?oc=5,2023/04/07,Study: Climate change causing more MLB home runs&nbsp;&nbsp;WCAX,WCAX,climate change,
Nearly half of Americans say it's unlikely they'll buy an electric vehicle as their next car: Poll - CNBC,https://news.google.com/rss/articles/CBMiaWh0dHBzOi8vd3d3LmNuYmMuY29tLzIwMjMvMDQvMTEvbmVhcmx5LWhhbGYtb2YtYW1lcmljYW5zLXNheS1pdHMtdW5saWtlbHktdGhleWxsLWJ1eS1hbi1ldi1uZXh0LXBvbGwuaHRtbNIBbWh0dHBzOi8vd3d3LmNuYmMuY29tL2FtcC8yMDIzLzA0LzExL25lYXJseS1oYWxmLW9mLWFtZXJpY2Fucy1zYXktaXRzLXVubGlrZWx5LXRoZXlsbC1idXktYW4tZXYtbmV4dC1wb2xsLmh0bWw?oc=5,2023/04/11,Nearly half of Americans say it's unlikely they'll buy an electric vehicle as their next car: Poll&nbsp;&nbsp;CNBC,CNBC,climate change,
Turns Out That Climate Change Is Actually The New Steroids For Baseball - Barstool Sports,https://news.google.com/rss/articles/CBMic2h0dHBzOi8vd3d3LmJhcnN0b29sc3BvcnRzLmNvbS9ibG9nLzM0NjMwMTYvdHVybnMtb3V0LXRoYXQtY2xpbWF0ZS1jaGFuZ2UtaXMtYWN0dWFsbHktdGhlLW5ldy1zdGVyb2lkcy1mb3ItYmFzZWJhbGzSAQA?oc=5,2023/04/11,Turns Out That Climate Change Is Actually The New Steroids For Baseball&nbsp;&nbsp;Barstool Sports,Barstool Sports,climate change,
UN climate change report: Catastrophic warming will claim lives without action - The Washington Post,https://news.google.com/rss/articles/CBMiXGh0dHBzOi8vd3d3Lndhc2hpbmd0b25wb3N0LmNvbS9jbGltYXRlLWVudmlyb25tZW50LzIwMjMvMDMvMjAvY2xpbWF0ZS1jaGFuZ2UtaXBjYy1yZXBvcnQtMTUv0gEA?oc=5,2023/03/20,UN climate change report: Catastrophic warming will claim lives without action&nbsp;&nbsp;The Washington Post,The Washington Post,climate change,
This Part of the U.S. Will Suffer Most from Climate Change - Scientific American,https://news.google.com/rss/articles/CBMiZWh0dHBzOi8vd3d3LnNjaWVudGlmaWNhbWVyaWNhbi5jb20vYXJ0aWNsZS90aGlzLXBhcnQtb2YtdGhlLXUtcy13aWxsLXN1ZmZlci1tb3N0LWZyb20tY2xpbWF0ZS1jaGFuZ2Uv0gEA?oc=5,2023/04/05,This Part of the U.S. Will Suffer Most from Climate Change&nbsp;&nbsp;Scientific American,Scientific American,climate change,
"No, Climate Change is Not Adding Home Runs - Bacon's Rebellion",https://news.google.com/rss/articles/CBMiTWh0dHBzOi8vd3d3LmJhY29uc3JlYmVsbGlvbi5jb20vd3Avbm8tY2xpbWF0ZS1jaGFuZ2UtaXMtbm90LWFkZGluZy1ob21lLXJ1bnMv0gFRaHR0cHM6Ly93d3cuYmFjb25zcmViZWxsaW9uLmNvbS93cC9uby1jbGltYXRlLWNoYW5nZS1pcy1ub3QtYWRkaW5nLWhvbWUtcnVucy9hbXAv?oc=5,2023/04/11,"No, Climate Change is Not Adding Home Runs&nbsp;&nbsp;Bacon's Rebellion",Bacon's Rebellion,climate change,
Dezeen and Sketchup launch new podcast on design and climate change - Dezeen,https://news.google.com/rss/articles/CBMiSGh0dHBzOi8vd3d3LmRlemVlbi5jb20vMjAyMy8wNC8xMS9za2V0Y2h1cC1jbGltYXRlLXNhbG9uLXBvZGNhc3QtbGF1bmNoL9IBAA?oc=5,2023/04/11,Dezeen and Sketchup launch new podcast on design and climate change&nbsp;&nbsp;Dezeen,Dezeen,climate change,
'Extrapolations' depicts the everyday of climate change — not just the doomsday - NPR,https://news.google.com/rss/articles/CBMiUGh0dHBzOi8vd3d3Lm5wci5vcmcvMjAyMy8wNC8wNC8xMTY2MDc4MDk4L2V4dHJhcG9sYXRpb25zLWFwcGxlLXR2LWNsaW1hdGUtY2hhbmdl0gEA?oc=5,2023/04/04,'Extrapolations' depicts the everyday of climate change — not just the doomsday&nbsp;&nbsp;NPR,NPR,climate change,
Explore Time-Lapse Views of Our Changing Planet – Climate Change: Vital Signs of the Planet - NASA Climate Change,https://news.google.com/rss/articles/CBMiU2h0dHBzOi8vY2xpbWF0ZS5uYXNhLmdvdi9uZXdzLzMyMzgvZXhwbG9yZS10aW1lLWxhcHNlLXZpZXdzLW9mLW91ci1jaGFuZ2luZy1wbGFuZXQv0gEA?oc=5,2023/03/29,Explore Time-Lapse Views of Our Changing Planet – Climate Change: Vital Signs of the Planet&nbsp;&nbsp;NASA Climate Change,NASA Climate Change,climate change,
Responding to climate change - Washington State Department of Ecology,https://news.google.com/rss/articles/CBMiP2h0dHBzOi8vZWNvbG9neS53YS5nb3YvQWlyLUNsaW1hdGUvUmVzcG9uZGluZy10by1jbGltYXRlLWNoYW5nZdIBAA?oc=5,2022/12/16,Responding to climate change&nbsp;&nbsp;Washington State Department of Ecology,Washington State Department of Ecology,climate change,
Sea level rise along southern U.S. happening faster than previously thought - The Washington Post,https://news.google.com/rss/articles/CBMiWWh0dHBzOi8vd3d3Lndhc2hpbmd0b25wb3N0LmNvbS9jbGltYXRlLWVudmlyb25tZW50LzIwMjMvMDQvMTAvc2VhLWxldmVsLXJpc2Utc291dGhlcm4tdXMv0gEA?oc=5,2023/04/10,Sea level rise along southern U.S. happening faster than previously thought&nbsp;&nbsp;The Washington Post,The Washington Post,climate change,
Is Global Warming Behind Major League Baseball's Home Run Spike? - Bloomberg,https://news.google.com/rss/articles/CBMicmh0dHBzOi8vd3d3LmJsb29tYmVyZy5jb20vbmV3cy9hcnRpY2xlcy8yMDIzLTA0LTA3L2lzLWdsb2JhbC13YXJtaW5nLWJlaGluZC1tYWpvci1sZWFndWUtYmFzZWJhbGwtcy1ob21lLXJ1bi1zcGlrZdIBAA?oc=5,2023/04/07,Is Global Warming Behind Major League Baseball's Home Run Spike?&nbsp;&nbsp;Bloomberg,Bloomberg,climate change,
How plants react to climate change could make floods a whole lot worse - Bulletin of the Atomic Scientists,https://news.google.com/rss/articles/CBMieGh0dHBzOi8vdGhlYnVsbGV0aW4ub3JnLzIwMjMvMDQvaG93LXBsYW50cy1yZXNwb25kLXRvLWhpZ2gtYXRtb3NwaGVyaWMtY2FyYm9uLWRpb3hpZGUtbGV2ZWxzLWNvdWxkLWluY3JlYXNlLWZsb29kLXJpc2tzL9IBAA?oc=5,2023/04/10,How plants react to climate change could make floods a whole lot worse&nbsp;&nbsp;Bulletin of the Atomic Scientists,Bulletin of the Atomic Scientists,climate change,
"Ski Utah details challenges of labor, housing, diversity and climate change in Park City's key industry - The Park Record",https://news.google.com/rss/articles/CBMihQFodHRwczovL3d3dy5wYXJrcmVjb3JkLmNvbS9uZXdzL3NraS11dGFoLWRldGFpbHMtY2hhbGxlbmdlcy1vZi1sYWJvci1ob3VzaW5nLWRpdmVyc2l0eS1hbmQtY2xpbWF0ZS1jaGFuZ2UtaW4tcGFyay1jaXR5cy1rZXktaW5kdXN0cnkv0gEA?oc=5,2023/04/09,"Ski Utah details challenges of labor, housing, diversity and climate change in Park City's key industry&nbsp;&nbsp;The Park Record",The Park Record,climate change,
Earth to Hit Critical Global Warming Threshold by Early 2030s - The New York Times,https://news.google.com/rss/articles/CBMiSWh0dHBzOi8vd3d3Lm55dGltZXMuY29tLzIwMjMvMDMvMjAvY2xpbWF0ZS9nbG9iYWwtd2FybWluZy1pcGNjLWVhcnRoLmh0bWzSAQA?oc=5,2023/03/21,Earth to Hit Critical Global Warming Threshold by Early 2030s&nbsp;&nbsp;The New York Times,The New York Times,climate change,
How does climate change affect coral reefs? - NOAA's National Ocean Service,https://news.google.com/rss/articles/CBMiOmh0dHBzOi8vb2NlYW5zZXJ2aWNlLm5vYWEuZ292L2ZhY3RzL2NvcmFscmVlZi1jbGltYXRlLmh0bWzSAQA?oc=5,2023/01/20,How does climate change affect coral reefs?&nbsp;&nbsp;NOAA's National Ocean Service,NOAA's National Ocean Service,climate change,
"Apple TV's new drama ""Extrapolations"" is a climate cautionary tale - Axios",https://news.google.com/rss/articles/CBMiQGh0dHBzOi8vd3d3LmF4aW9zLmNvbS8yMDIzLzA0LzA2L2V4dHJhcG9sYXRpb25zLWFwcGxlLXR2LWNsaW1hdGXSAQA?oc=5,2023/04/06,"Apple TV's new drama ""Extrapolations"" is a climate cautionary tale&nbsp;&nbsp;Axios",Axios,climate change,
Japan's three mega-banks to face votes on climate change - The Japan Times,https://news.google.com/rss/articles/CBMicWh0dHBzOi8vd3d3LmphcGFudGltZXMuY28uanAvbmV3cy8yMDIzLzA0LzEwL2J1c2luZXNzL2NvcnBvcmF0ZS1idXNpbmVzcy9tZWdhYmFua3MtY2xpbWF0ZS1wcmVzc3VyZS1zaGFyZWhvbGRlcnMv0gEA?oc=5,2023/04/10,Japan's three mega-banks to face votes on climate change&nbsp;&nbsp;The Japan Times,The Japan Times,climate change,
Here are all the positive environmental stories from 2023 so far - Euronews,https://news.google.com/rss/articles/CBMiamh0dHBzOi8vd3d3LmV1cm9uZXdzLmNvbS9ncmVlbi8yMDIzLzA0LzEwL2hlcmUtYXJlLWFsbC10aGUtcG9zaXRpdmUtZW52aXJvbm1lbnRhbC1zdG9yaWVzLWZyb20tMjAyMy1zby1mYXLSAQA?oc=5,2023/04/10,Here are all the positive environmental stories from 2023 so far&nbsp;&nbsp;Euronews,Euronews,climate change,
Big Oil accuses Biden admin of 'flip-flopping' on climate change cases - Reuters,https://news.google.com/rss/articles/CBMicmh0dHBzOi8vd3d3LnJldXRlcnMuY29tL2J1c2luZXNzL2VuZXJneS9iaWctb2lsLWFjY3VzZXMtYmlkZW4tYWRtaW4tZmxpcC1mbG9wcGluZy1jbGltYXRlLWNoYW5nZS1jYXNlcy0yMDIzLTA0LTA1L9IBAA?oc=5,2023/04/05,Big Oil accuses Biden admin of 'flip-flopping' on climate change cases&nbsp;&nbsp;Reuters,Reuters,climate change,
Will Climate Change Make Turbulence More Severe? - Simple Flying,https://news.google.com/rss/articles/CBMiSWh0dHBzOi8vc2ltcGxlZmx5aW5nLmNvbS93aWxsLWNsaW1hdGUtY2hhbmdlLW1ha2UtdHVyYnVsZW5jZS1tb3JlLXNldmVyZS_SAQA?oc=5,2023/04/10,Will Climate Change Make Turbulence More Severe?&nbsp;&nbsp;Simple Flying,Simple Flying,climate change,
Study Claims Climate Change Causing More Home Runs In Baseball - OutKick,https://news.google.com/rss/articles/CBMiV2h0dHBzOi8vd3d3Lm91dGtpY2suY29tL3N0dWR5LWNsYWltcy1jbGltYXRlLWNoYW5nZS1jYXVzaW5nLW1vcmUtaG9tZS1ydW5zLWluLWJhc2ViYWxsL9IBAA?oc=5,2023/04/07,Study Claims Climate Change Causing More Home Runs In Baseball&nbsp;&nbsp;OutKick ,OutKick,climate change,
Texas bills call for renewables to help save declining fossil fuel sector - The Hill,https://news.google.com/rss/articles/CBMiYGh0dHBzOi8vdGhlaGlsbC5jb20vcG9saWN5L2VuZXJneS1lbnZpcm9ubWVudC8zOTQyOTg0LXRleGFzLWJpbGxzLXJlbmV3YWJsZXMtZm9zc2lsLWZ1ZWwtcGxhbnRzL9IBZGh0dHBzOi8vdGhlaGlsbC5jb20vcG9saWN5L2VuZXJneS1lbnZpcm9ubWVudC8zOTQyOTg0LXRleGFzLWJpbGxzLXJlbmV3YWJsZXMtZm9zc2lsLWZ1ZWwtcGxhbnRzL2FtcC8?oc=5,2023/04/11,Texas bills call for renewables to help save declining fossil fuel sector&nbsp;&nbsp;The Hill,The Hill,renewable energy,
The Rising Chorus of Renewable Energy Skeptics - Resilience,https://news.google.com/rss/articles/CBMiXWh0dHBzOi8vd3d3LnJlc2lsaWVuY2Uub3JnL3N0b3JpZXMvMjAyMy0wNC0xMC90aGUtcmlzaW5nLWNob3J1cy1vZi1yZW5ld2FibGUtZW5lcmd5LXNrZXB0aWNzL9IBAA?oc=5,2023/04/10,The Rising Chorus of Renewable Energy Skeptics&nbsp;&nbsp;Resilience,Resilience,renewable energy,
A tax break on clean energy projects is coming to coal and oil towns - Grist,https://news.google.com/rss/articles/CBMiXmh0dHBzOi8vZ3Jpc3Qub3JnL2VuZXJneS9hLXRheC1icmVhay1vbi1jbGVhbi1lbmVyZ3ktcHJvamVjdHMtaXMtY29taW5nLXRvLWNvYWwtYW5kLW9pbC10b3ducy_SAQA?oc=5,2023/04/11,A tax break on clean energy projects is coming to coal and oil towns&nbsp;&nbsp;Grist,Grist,renewable energy,
JP Morgan Endorses Brookings Plan To Boost Renewable Energy Installations - CleanTechnica,https://news.google.com/rss/articles/CBMib2h0dHBzOi8vY2xlYW50ZWNobmljYS5jb20vMjAyMy8wNC8xMS9qcC1tb3JnYW4tZW5kb3JzZXMtYnJvb2tpbmdzLXBsYW4tdG8tYm9vc3QtcmVuZXdhYmxlLWVuZXJneS1pbnN0YWxsYXRpb25zL9IBc2h0dHBzOi8vY2xlYW50ZWNobmljYS5jb20vMjAyMy8wNC8xMS9qcC1tb3JnYW4tZW5kb3JzZXMtYnJvb2tpbmdzLXBsYW4tdG8tYm9vc3QtcmVuZXdhYmxlLWVuZXJneS1pbnN0YWxsYXRpb25zL2FtcC8?oc=5,2023/04/11,JP Morgan Endorses Brookings Plan To Boost Renewable Energy Installations&nbsp;&nbsp;CleanTechnica,CleanTechnica,renewable energy,
Emrgy Secures $18M To Scale Renewable Energy Projects Within Water Infrastructure & Launch US Manufacturing - Business Wire,https://news.google.com/rss/articles/CBMioQFodHRwczovL3d3dy5idXNpbmVzc3dpcmUuY29tL25ld3MvaG9tZS8yMDIzMDQxMTAwNTQzMS9lbi9FbXJneS1TZWN1cmVzLTE4TS1Uby1TY2FsZS1SZW5ld2FibGUtRW5lcmd5LVByb2plY3RzLVdpdGhpbi1XYXRlci1JbmZyYXN0cnVjdHVyZS1MYXVuY2gtVVMtTWFudWZhY3R1cmluZ9IBAA?oc=5,2023/04/11,Emrgy Secures $18M To Scale Renewable Energy Projects Within Water Infrastructure & Launch US Manufacturing&nbsp;&nbsp;Business Wire,Business Wire,renewable energy,
Climate Capitalist: This Billionaire Heiress Is Betting Big On Renewable Energy - Forbes,https://news.google.com/rss/articles/CBMidmh0dHBzOi8vd3d3LmZvcmJlcy5jb20vc2l0ZXMvamVtaW1hbWNldm95LzIwMjMvMDQvMTAvdGhlLXBvbGlzaC1oZWlyZXNzLXdoby1iZXQtYmlnLW9uLWdyZWVuLWVuZXJneS10aGVuLWNhbWUtdGhlLXdhci_SAQA?oc=5,2023/04/10,Climate Capitalist: This Billionaire Heiress Is Betting Big On Renewable Energy&nbsp;&nbsp;Forbes,Forbes,renewable energy,
Coming to a Chipotle near you? EV charging stations and rooftop solar panels. - Yahoo Finance,https://news.google.com/rss/articles/CBMieWh0dHBzOi8vZmluYW5jZS55YWhvby5jb20vbmV3cy9jb21pbmctdG8tYS1jaGlwb3RsZS1uZWFyLXlvdS1ldi1jaGFyZ2luZy1zdGF0aW9ucy1hbmQtcm9vZnRvcC1zb2xhci1wYW5lbHMtMTM1MTAxNDYzLmh0bWzSAYEBaHR0cHM6Ly9maW5hbmNlLnlhaG9vLmNvbS9hbXBodG1sL25ld3MvY29taW5nLXRvLWEtY2hpcG90bGUtbmVhci15b3UtZXYtY2hhcmdpbmctc3RhdGlvbnMtYW5kLXJvb2Z0b3Atc29sYXItcGFuZWxzLTEzNTEwMTQ2My5odG1s?oc=5,2023/04/11,Coming to a Chipotle near you? EV charging stations and rooftop solar panels.&nbsp;&nbsp;Yahoo Finance,Yahoo Finance,renewable energy,
7 Renewable Energy Stocks to Buy for 100% Returns - InvestorPlace,https://news.google.com/rss/articles/CBMiU2h0dHBzOi8vaW52ZXN0b3JwbGFjZS5jb20vMjAyMy8wNC83LXJlbmV3YWJsZS1lbmVyZ3ktc3RvY2tzLXRvLWJ1eS1mb3ItMTAwLXJldHVybnMv0gEA?oc=5,2023/04/07,7 Renewable Energy Stocks to Buy for 100% Returns&nbsp;&nbsp;InvestorPlace,InvestorPlace,renewable energy,
"Chipotle new restaurant design features renewable energy, EV charging - Axios",https://news.google.com/rss/articles/CBMiSWh0dHBzOi8vd3d3LmF4aW9zLmNvbS8yMDIzLzA0LzExL2NoaXBvdGxlLXJlc3RhdXJhbnQtZWxlY3RyaWMtZXYtY2hhcmdpbmfSAQA?oc=5,2023/04/11,"Chipotle new restaurant design features renewable energy, EV charging&nbsp;&nbsp;Axios",Axios,renewable energy,
Hungarian village that became a pioneer for renewable energy - CGTN,https://news.google.com/rss/articles/CBMie2h0dHBzOi8vbmV3c2V1LmNndG4uY29tL25ld3MvMjAyMy0wNC0wOS9IdW5nYXJpYW4tdmlsbGFnZS10aGF0LWJlY2FtZS1hLXBpb25lZXItZm9yLXJlbmV3YWJsZS1lbmVyZ3ktMWl1Ukthb2tUZnkvaW5kZXguaHRtbNIBAA?oc=5,2023/04/09,Hungarian village that became a pioneer for renewable energy&nbsp;&nbsp;CGTN,CGTN,renewable energy,
Bill to Alter NY's Climate Law Includes 11th-Hour Bid to Keep State's Last Biomass Power Plant Open - City Limits,https://news.google.com/rss/articles/CBMihAFodHRwczovL2NpdHlsaW1pdHMub3JnLzIwMjMvMDQvMTAvYmlsbC10by1hbHRlci1ueXMtY2xpbWF0ZS1sYXctaW5jbHVkZXMtMTF0aC1ob3VyLWJpZC10by1rZWVwLXN0YXRlcy1sYXN0LWJpb21hc3MtcG93ZXItcGxhbnQtb3Blbi_SAQA?oc=5,2023/04/10,Bill to Alter NY's Climate Law Includes 11th-Hour Bid to Keep State's Last Biomass Power Plant Open&nbsp;&nbsp;City Limits,City Limits,renewable energy,
Dominion Energy to buy solar project in Virginia - Yahoo Finance,https://news.google.com/rss/articles/CBMiT2h0dHBzOi8vZmluYW5jZS55YWhvby5jb20vbmV3cy9kb21pbmlvbi1lbmVyZ3ktYnV5LXNvbGFyLXByb2plY3QtMTI0MDQ4MjAyLmh0bWzSAVdodHRwczovL2ZpbmFuY2UueWFob28uY29tL2FtcGh0bWwvbmV3cy9kb21pbmlvbi1lbmVyZ3ktYnV5LXNvbGFyLXByb2plY3QtMTI0MDQ4MjAyLmh0bWw?oc=5,2023/04/11,Dominion Energy to buy solar project in Virginia&nbsp;&nbsp;Yahoo Finance,Yahoo Finance,renewable energy,
Bifacial CdTe solar cell achieves record power density via film lithography - pv magazine International,https://news.google.com/rss/articles/CBMic2h0dHBzOi8vd3d3LnB2LW1hZ2F6aW5lLmNvbS8yMDIzLzA0LzExL2JpZmFjaWFsLWNkdGUtc29sYXItY2VsbC1hY2hpZXZlcy1yZWNvcmQtcG93ZXItZGVuc2l0eS12aWEtZmlsbS1saXRob2dyYXBoeS_SAQA?oc=5,2023/04/11,Bifacial CdTe solar cell achieves record power density via film lithography&nbsp;&nbsp;pv magazine International,pv magazine International,renewable energy,
Solar Power In Florida - CleanTechnica,https://news.google.com/rss/articles/CBMiPGh0dHBzOi8vY2xlYW50ZWNobmljYS5jb20vMjAyMy8wNC8xMC9zb2xhci1wb3dlci1pbi1mbG9yaWRhL9IBQGh0dHBzOi8vY2xlYW50ZWNobmljYS5jb20vMjAyMy8wNC8xMC9zb2xhci1wb3dlci1pbi1mbG9yaWRhL2FtcC8?oc=5,2023/04/10,Solar Power In Florida&nbsp;&nbsp;CleanTechnica,CleanTechnica,renewable energy,
New interactive map highlights renewable energy projects across Pennsylvania - ABC27,https://news.google.com/rss/articles/CBMicGh0dHBzOi8vd3d3LmFiYzI3LmNvbS9wZW5uc3lsdmFuaWEvbmV3LWludGVyYWN0aXZlLW1hcC1oaWdobGlnaHRzLXJlbmV3YWJsZS1lbmVyZ3ktcHJvamVjdHMtYWNyb3NzLXBlbm5zeWx2YW5pYS_SAXRodHRwczovL3d3dy5hYmMyNy5jb20vcGVubnN5bHZhbmlhL25ldy1pbnRlcmFjdGl2ZS1tYXAtaGlnaGxpZ2h0cy1yZW5ld2FibGUtZW5lcmd5LXByb2plY3RzLWFjcm9zcy1wZW5uc3lsdmFuaWEvYW1wLw?oc=5,2023/04/11,New interactive map highlights renewable energy projects across Pennsylvania&nbsp;&nbsp;ABC27,ABC27,renewable energy,
Indonesia’s underwhelming renewable energy reform - East Asia Forum,https://news.google.com/rss/articles/CBMiWmh0dHBzOi8vd3d3LmVhc3Rhc2lhZm9ydW0ub3JnLzIwMjMvMDQvMTEvaW5kb25lc2lhcy11bmRlcndoZWxtaW5nLXJlbmV3YWJsZS1lbmVyZ3ktcmVmb3JtL9IBAA?oc=5,2023/04/11,Indonesia’s underwhelming renewable energy reform&nbsp;&nbsp;East Asia Forum,East Asia Forum,renewable energy,
ICYMI: Cortez Masto Highlights Clean Energy Jobs She Secured for New Battery Recycling Facility in Northern Nevada ... - Catherine Cortez Masto,https://news.google.com/rss/articles/CBMiswFodHRwczovL3d3dy5jb3J0ZXptYXN0by5zZW5hdGUuZ292L25ld3MvcHJlc3MtcmVsZWFzZXMvMDQvMTEvMjAyMy9pY3ltaS1jb3J0ZXotbWFzdG8taGlnaGxpZ2h0cy1jbGVhbi1lbmVyZ3ktam9icy1zaGUtc2VjdXJlZC1mb3ItbmV3LWJhdHRlcnktcmVjeWNsaW5nLWZhY2lsaXR5LWluLW5vcnRoZXJuLW5ldmFkYdIBAA?oc=5,2023/04/11,ICYMI: Cortez Masto Highlights Clean Energy Jobs She Secured for New Battery Recycling Facility in Northern Nevada ...&nbsp;&nbsp;Catherine Cortez Masto,Catherine Cortez Masto,renewable energy,
"In New Jersey, Secretary Haaland Highlights Efforts to Tell a More Complete Story of America, Advancements in Oil ... - US Department of the Interior",https://news.google.com/rss/articles/CBMicmh0dHBzOi8vd3d3LmRvaS5nb3YvcHJlc3NyZWxlYXNlcy9uZXctamVyc2V5LXNlY3JldGFyeS1oYWFsYW5kLWhpZ2hsaWdodHMtZWZmb3J0cy10ZWxsLW1vcmUtY29tcGxldGUtc3RvcnktYW1lcmljYdIBAA?oc=5,2023/04/11,"In New Jersey, Secretary Haaland Highlights Efforts to Tell a More Complete Story of America, Advancements in Oil ...&nbsp;&nbsp;US Department of the Interior",US Department of the Interior,renewable energy,
Apple and global suppliers expand renewable energy to 13.7 gigawatts - Apple,https://news.google.com/rss/articles/CBMicmh0dHBzOi8vd3d3LmFwcGxlLmNvbS9uZXdzcm9vbS8yMDIzLzA0L2FwcGxlLWFuZC1nbG9iYWwtc3VwcGxpZXJzLWV4cGFuZC1yZW5ld2FibGUtZW5lcmd5LXRvLTEzLXBvaW50LTctZ2lnYXdhdHRzL9IBAA?oc=5,2023/04/05,Apple and global suppliers expand renewable energy to 13.7 gigawatts&nbsp;&nbsp;Apple,Apple,renewable energy,
Texas is on a crusade to kill the state’s stunning renewable energy progress - lehighvalleylive.com,https://news.google.com/rss/articles/CBMigAFodHRwczovL3d3dy5sZWhpZ2h2YWxsZXlsaXZlLmNvbS9yZWNrb24vMjAyMy8wNC90ZXhhcy1pcy1vbi1hLWNydXNhZGUtdG8ta2lsbC10aGUtc3RhdGVzLXN0dW5uaW5nLXJlbmV3YWJsZS1lbmVyZ3ktcHJvZ3Jlc3MuaHRtbNIBjwFodHRwczovL3d3dy5sZWhpZ2h2YWxsZXlsaXZlLmNvbS9yZWNrb24vMjAyMy8wNC90ZXhhcy1pcy1vbi1hLWNydXNhZGUtdG8ta2lsbC10aGUtc3RhdGVzLXN0dW5uaW5nLXJlbmV3YWJsZS1lbmVyZ3ktcHJvZ3Jlc3MuaHRtbD9vdXRwdXRUeXBlPWFtcA?oc=5,2023/04/11,Texas is on a crusade to kill the state’s stunning renewable energy progress&nbsp;&nbsp;lehighvalleylive.com,lehighvalleylive.com,renewable energy,
"Texas House bill proposes Chapter 313 replacement, excludes renewables - Austin American-Statesman",https://news.google.com/rss/articles/CBMikQFodHRwczovL3d3dy5zdGF0ZXNtYW4uY29tL3N0b3J5L25ld3MvcG9saXRpY3Mvc3RhdGUvMjAyMy8wNC8xMS90ZXhhcy1ob3VzZS1iaWxsLXByb3Bvc2VzLWNoYXB0ZXItMzEzLXJlcGxhY2VtZW50LWV4Y2x1ZGVzLXJlbmV3YWJsZXMvNzAwOTk1MTcwMDcv0gEA?oc=5,2023/04/11,"Texas House bill proposes Chapter 313 replacement, excludes renewables&nbsp;&nbsp;Austin American-Statesman",Austin American-Statesman,renewable energy,
Q&A With Danish Saleem: A 'Bottomless Cyber Enthusiast' Works To Secure U.S. Power Grid Against Hackers - NREL,https://news.google.com/rss/articles/CBMiX2h0dHBzOi8vd3d3Lm5yZWwuZ292L25ld3MvcHJvZ3JhbS8yMDIzL21hbnVmYWN0dXJpbmctbWFzdGVybWluZC1xLWFuZC1hLXdpdGgtZGFuaXNoLXNhbGVlbS5odG1s0gEA?oc=5,2023/04/11,Q&amp;A With Danish Saleem: A 'Bottomless Cyber Enthusiast' Works To Secure U.S. Power Grid Against Hackers&nbsp;&nbsp;NREL,NREL,renewable energy,
Vice President Harris promotes renewable energy deal in Georgia visit - PBS NewsHour,https://news.google.com/rss/articles/CBMia2h0dHBzOi8vd3d3LnBicy5vcmcvbmV3c2hvdXIvcG9saXRpY3MvdmljZS1wcmVzaWRlbnQtaGFycmlzLXByb21vdGVzLXJlbmV3YWJsZS1lbmVyZ3ktZGVhbC1pbi1nZW9yZ2lhLXZpc2l00gFvaHR0cHM6Ly93d3cucGJzLm9yZy9uZXdzaG91ci9hbXAvcG9saXRpY3MvdmljZS1wcmVzaWRlbnQtaGFycmlzLXByb21vdGVzLXJlbmV3YWJsZS1lbmVyZ3ktZGVhbC1pbi1nZW9yZ2lhLXZpc2l0?oc=5,2023/04/06,Vice President Harris promotes renewable energy deal in Georgia visit&nbsp;&nbsp;PBS NewsHour,PBS NewsHour,renewable energy,
At a glance: Dominican Rep’s top renewable e... - BNamericas English,https://news.google.com/rss/articles/CBMiXWh0dHBzOi8vd3d3LmJuYW1lcmljYXMuY29tL2VuL25ld3MvYXQtYS1nbGFuY2UtZG9taW5pY2FuLXJlcHMtdG9wLXJlbmV3YWJsZS1lbmVyZ3ktZ2VuZXJhdG9yc9IBAA?oc=5,2023/04/11,At a glance: Dominican Rep’s top renewable e...&nbsp;&nbsp;BNamericas English,BNamericas English,renewable energy,
Dominion Energy to buy solar project in Virginia - Reuters,https://news.google.com/rss/articles/CBMiXmh0dHBzOi8vd3d3LnJldXRlcnMuY29tL2J1c2luZXNzL2VuZXJneS9kb21pbmlvbi1lbmVyZ3ktYnV5LXNvbGFyLXByb2plY3QtdmlyZ2luaWEtMjAyMy0wNC0xMS_SAQA?oc=5,2023/04/11,Dominion Energy to buy solar project in Virginia&nbsp;&nbsp;Reuters,Reuters,renewable energy,
PV - Summit Ridge Energy and Qcells Announce Largest Community Solar Partnership in the U.S. - Renewable Energy Magazine,https://news.google.com/rss/articles/CBMiaWh0dHBzOi8vd3d3LnJlbmV3YWJsZWVuZXJneW1hZ2F6aW5lLmNvbS9wdl9zb2xhci9zdW1taXQtcmlkZ2UtZW5lcmd5LWFuZC1xY2VsbHMtYW5ub3VuY2UtbGFyZ2VzdC0yMDIzMDQxMdIBAA?oc=5,2023/04/11,PV - Summit Ridge Energy and Qcells Announce Largest Community Solar Partnership in the U.S.&nbsp;&nbsp;Renewable Energy Magazine,Renewable Energy Magazine,renewable energy,
Agrivoltaics: The Farm-to-Solar Trend That Can Help Accelerate the Renewable Energy Transition - Resilience,https://news.google.com/rss/articles/CBMijAFodHRwczovL3d3dy5yZXNpbGllbmNlLm9yZy9zdG9yaWVzLzIwMjMtMDQtMTEvYWdyaXZvbHRhaWNzLXRoZS1mYXJtLXRvLXNvbGFyLXRyZW5kLXRoYXQtY2FuLWhlbHAtYWNjZWxlcmF0ZS10aGUtcmVuZXdhYmxlLWVuZXJneS10cmFuc2l0aW9uL9IBAA?oc=5,2023/04/11,Agrivoltaics: The Farm-to-Solar Trend That Can Help Accelerate the Renewable Energy Transition&nbsp;&nbsp;Resilience,Resilience,renewable energy,
Letter to the editor: A purposeful switch to renewable energy is urgent - Missoulian,https://news.google.com/rss/articles/CBMinwFodHRwczovL21pc3NvdWxpYW4uY29tL29waW5pb24vbGV0dGVycy9sZXR0ZXItdG8tdGhlLWVkaXRvci1hLXB1cnBvc2VmdWwtc3dpdGNoLXRvLXJlbmV3YWJsZS1lbmVyZ3ktaXMtdXJnZW50L2FydGljbGVfMzA4ZTkzOTAtZDIzOC0xMWVkLWI1MzgtODMwY2M4ZTlhM2JhLmh0bWzSAQA?oc=5,2023/04/11,Letter to the editor: A purposeful switch to renewable energy is urgent&nbsp;&nbsp;Missoulian,Missoulian,renewable energy,
New+interactive+map+highlights+renewable+energy+projects+across+Pa. - Lehigh Valley Business,https://news.google.com/rss/articles/CBMiU2h0dHBzOi8vbHZiLmNvbS9uZXctaW50ZXJhY3RpdmUtbWFwLWhpZ2hsaWdodHMtcmVuZXdhYmxlLWVuZXJneS1wcm9qZWN0cy1hY3Jvc3MtcGEv0gEA?oc=5,2023/04/11,New+interactive+map+highlights+renewable+energy+projects+across+Pa.&nbsp;&nbsp;Lehigh Valley Business,Lehigh Valley Business,renewable energy,
Longroad sells 83MW Virginian solar - reNEWS,https://news.google.com/rss/articles/CBMiPWh0dHBzOi8vcmVuZXdzLmJpei84NTAxNS9sb25ncm9hZC1zZWxscy04M213LXZpcmdpbmlhbi1zb2xhci_SAQA?oc=5,2023/04/11,Longroad sells 83MW Virginian solar&nbsp;&nbsp;reNEWS,reNEWS,renewable energy,
"Brown Report Claims Anti-Wind Group Uses Deceit, Delay, Denial and Chicanery to Sabotage Crucial Renewable ... - ecoRI news",https://news.google.com/rss/articles/CBMiggFodHRwczovL2Vjb3JpLm9yZy9icm93bi1yZXBvcnQtY2xhaW1zLWFudGktd2luZC1ncm91cC11c2VzLWRlY2VpdC1kZWxheS1kZW5pYWwtYW5kLWNoaWNhbmVyeS10by1zYWJvdGFnZS1jcnVjaWFsLXJlbmV3YWJsZS1lbmVyZ3kv0gEA?oc=5,2023/04/11,"Brown Report Claims Anti-Wind Group Uses Deceit, Delay, Denial and Chicanery to Sabotage Crucial Renewable ...&nbsp;&nbsp;ecoRI news",ecoRI news,renewable energy,
Appalachian Power requests approval for multiple renewable energy projects - Daily Energy Insider,https://news.google.com/rss/articles/CBMidWh0dHBzOi8vZGFpbHllbmVyZ3lpbnNpZGVyLmNvbS9uZXdzLzM5MjY1LWFwcGFsYWNoaWFuLXBvd2VyLXJlcXVlc3RzLWFwcHJvdmFsLWZvci1tdWx0aXBsZS1yZW5ld2FibGUtZW5lcmd5LXByb2plY3RzL9IBAA?oc=5,2023/04/11,Appalachian Power requests approval for multiple renewable energy projects&nbsp;&nbsp;Daily Energy Insider,Daily Energy Insider,renewable energy,
Wind - Global Wind Energy to Top 1 TW Threshold by the End of 2023 - Renewable Energy Magazine,https://news.google.com/rss/articles/CBMiVGh0dHBzOi8vd3d3LnJlbmV3YWJsZWVuZXJneW1hZ2F6aW5lLmNvbS93aW5kL2dsb2JhbC13aW5kLWVuZXJneS10by10b3AtMS10dy0yMDIzMDQxMdIBAA?oc=5,2023/04/11,Wind - Global Wind Energy to Top 1 TW Threshold by the End of 2023&nbsp;&nbsp;Renewable Energy Magazine,Renewable Energy Magazine,renewable energy,
"Chipotle tests all-electric restaurants with solar panels, EV chargers - Electrek",https://news.google.com/rss/articles/CBMiZWh0dHBzOi8vZWxlY3RyZWsuY28vMjAyMy8wNC8xMS9jaGlwb3RsZS10ZXN0cy1hbGwtZWxlY3RyaWMtcmVzdGF1cmFudHMtd2l0aC1zb2xhci1wYW5lbHMtZXYtY2hhcmdlcnMv0gEA?oc=5,2023/04/11,"Chipotle tests all-electric restaurants with solar panels, EV chargers&nbsp;&nbsp;Electrek",Electrek,renewable energy,
Developing Skills in the Arctic Renewable Energy Sector – Webinar - Electrical Business - Electrical Business,https://news.google.com/rss/articles/CBMiXWh0dHBzOi8vd3d3LmVibWFnLmNvbS9ldmVudHMvZGV2ZWxvcGluZy1za2lsbHMtaW4tdGhlLWFyY3RpYy1yZW5ld2FibGUtZW5lcmd5LXNlY3Rvci13ZWJpbmFyL9IBAA?oc=5,2023/04/11,Developing Skills in the Arctic Renewable Energy Sector – Webinar - Electrical Business&nbsp;&nbsp;Electrical Business,Electrical Business,renewable energy,
The potential for renewable energy in vertical farming - Vertical Farm Daily,https://news.google.com/rss/articles/CBMiaWh0dHBzOi8vd3d3LnZlcnRpY2FsZmFybWRhaWx5LmNvbS9hcnRpY2xlLzk1MTk2MjMvdGhlLXBvdGVudGlhbC1mb3ItcmVuZXdhYmxlLWVuZXJneS1pbi12ZXJ0aWNhbC1mYXJtaW5nL9IBAA?oc=5,2023/04/11,The potential for renewable energy in vertical farming&nbsp;&nbsp;Vertical Farm Daily,Vertical Farm Daily,renewable energy,
National Renewable Energy Day: The Biden Administration is Charging Forward - Energy.gov,https://news.google.com/rss/articles/CBMiY2h0dHBzOi8vd3d3LmVuZXJneS5nb3YvYXJ0aWNsZXMvbmF0aW9uYWwtcmVuZXdhYmxlLWVuZXJneS1kYXktYmlkZW4tYWRtaW5pc3RyYXRpb24tY2hhcmdpbmctZm9yd2FyZNIBAA?oc=5,2023/03/21,National Renewable Energy Day: The Biden Administration is Charging Forward&nbsp;&nbsp;Energy.gov,Energy.gov,renewable energy,
Renewable energy misconceptions: Dispelling popular myths - Energy Monitor,https://news.google.com/rss/articles/CBMia2h0dHBzOi8vd3d3LmVuZXJneW1vbml0b3IuYWkvdGVjaC9yZW5ld2FibGVzL29waW5pb24tZGlzcGVsbGluZy1teXRocy1hcm91bmQtcmVuZXdhYmxlLWVuZXJneS10ZWNobm9sb2dpZXMv0gEA?oc=5,2023/04/11,Renewable energy misconceptions: Dispelling popular myths&nbsp;&nbsp;Energy Monitor,Energy Monitor,renewable energy,
"Biden-Harris Administration Announces Availability of $1 Billion to Help Farmers, Ranchers and Rural Businesses ... - USDA.gov",https://news.google.com/rss/articles/CBMidmh0dHBzOi8vd3d3LnVzZGEuZ292L21lZGlhL3ByZXNzLXJlbGVhc2VzLzIwMjMvMDMvMzEvYmlkZW4taGFycmlzLWFkbWluaXN0cmF0aW9uLWFubm91bmNlcy1hdmFpbGFiaWxpdHktMS1iaWxsaW9uLWhlbHDSAQA?oc=5,2023/03/31,"Biden-Harris Administration Announces Availability of $1 Billion to Help Farmers, Ranchers and Rural Businesses ...&nbsp;&nbsp;USDA.gov",USDA.gov,renewable energy,
USDA invests $6.6 million to deploy renewable energy infrastructure - Williston Daily Herald,https://news.google.com/rss/articles/CBMimQFodHRwczovL3d3dy53aWxsaXN0b25oZXJhbGQuY29tL25ld3MvdXNkYS1pbnZlc3RzLTYtNi1taWxsaW9uLXRvLWRlcGxveS1yZW5ld2FibGUtZW5lcmd5LWluZnJhc3RydWN0dXJlL2FydGljbGVfMDM3OGU3MzItZDg5OC0xMWVkLTg2YjYtMzNhNDJhNWQ5NjAyLmh0bWzSAQA?oc=5,2023/04/11,USDA invests $6.6 million to deploy renewable energy infrastructure&nbsp;&nbsp;Williston Daily Herald,Williston Daily Herald,renewable energy,
Apple says more suppliers committing to renewable energy - Reuters,https://news.google.com/rss/articles/CBMid2h0dHBzOi8vd3d3LnJldXRlcnMuY29tL2J1c2luZXNzL3N1c3RhaW5hYmxlLWJ1c2luZXNzL2FwcGxlLXNheXMtbW9yZS1zdXBwbGllcnMtY29tbWl0dGluZy1yZW5ld2FibGUtZW5lcmd5LTIwMjMtMDQtMDUv0gEA?oc=5,2023/04/05,Apple says more suppliers committing to renewable energy&nbsp;&nbsp;Reuters,Reuters,renewable energy,
Hydrogen - Sunfire successfully installs the world?s largest high-temperature electrolyser - Renewable Energy Magazine,https://news.google.com/rss/articles/CBMibGh0dHBzOi8vd3d3LnJlbmV3YWJsZWVuZXJneW1hZ2F6aW5lLmNvbS9oeWRyb2dlbi9zdW5maXJlLXN1Y2Nlc3NmdWxseS1pbnN0YWxscy10aGUtd29ybGRhLXMtbGFyZ2VzdC0yMDIzMDQxMdIBAA?oc=5,2023/04/11,Hydrogen - Sunfire successfully installs the world?s largest high-temperature electrolyser&nbsp;&nbsp;Renewable Energy Magazine,Renewable Energy Magazine,renewable energy,
This Tesla energy ecosystem home gives us a glimpse at the house of the future - Electrek,https://news.google.com/rss/articles/CBMiV2h0dHBzOi8vZWxlY3RyZWsuY28vMjAyMy8wNC8xMS90ZXNsYS1lbmVyZ3ktZWNvc3lzdGVtLWhvbWUtZ2xpbXBzZS1ob3VzZS1vZi10aGUtZnV0dXJlL9IBAA?oc=5,2023/04/11,This Tesla energy ecosystem home gives us a glimpse at the house of the future&nbsp;&nbsp;Electrek,Electrek,renewable energy,
Storage - GMR Energy Begins Work on Major AU$330 Million Battery Storage Project - Renewable Energy Magazine,https://news.google.com/rss/articles/CBMiW2h0dHBzOi8vd3d3LnJlbmV3YWJsZWVuZXJneW1hZ2F6aW5lLmNvbS9zdG9yYWdlL2dtci1lbmVyZ3ktYmVnaW5zLXdvcmstb24tbWFqb3ItYXUtMjAyMzA0MTHSAQA?oc=5,2023/04/11,Storage - GMR Energy Begins Work on Major AU$330 Million Battery Storage Project&nbsp;&nbsp;Renewable Energy Magazine,Renewable Energy Magazine,renewable energy,
Maryland passes energy storage target of 3 GW in 10 years - pv magazine USA,https://news.google.com/rss/articles/CBMiYWh0dHBzOi8vcHYtbWFnYXppbmUtdXNhLmNvbS8yMDIzLzA0LzExL21hcnlsYW5kLXBhc3Nlcy1lbmVyZ3ktc3RvcmFnZS10YXJnZXQtb2YtMy1ndy1pbi0xMC15ZWFycy_SAQA?oc=5,2023/04/11,Maryland passes energy storage target of 3 GW in 10 years&nbsp;&nbsp;pv magazine USA,pv magazine USA,renewable energy,
"#Solar100 Interview: Josh Jennings, The Galileo Of Renewable Property Insurance - Forbes",https://news.google.com/rss/articles/CBMigwFodHRwczovL3d3dy5mb3JiZXMuY29tL3NpdGVzL3JpY2hhcmRtYXRzdWkvMjAyMy8wNC8xMS9zb2xhcjEwMC1pbnRlcnZpZXctam9zaC1qZW5uaW5ncy10aGUtZ2FsaWxlby1vZi1yZW5ld2FibGUtcHJvcGVydHktaW5zdXJhbmNlL9IBhwFodHRwczovL3d3dy5mb3JiZXMuY29tL3NpdGVzL3JpY2hhcmRtYXRzdWkvMjAyMy8wNC8xMS9zb2xhcjEwMC1pbnRlcnZpZXctam9zaC1qZW5uaW5ncy10aGUtZ2FsaWxlby1vZi1yZW5ld2FibGUtcHJvcGVydHktaW5zdXJhbmNlL2FtcC8?oc=5,2023/04/11,"#Solar100 Interview: Josh Jennings, The Galileo Of Renewable Property Insurance&nbsp;&nbsp;Forbes",Forbes,renewable energy,
Department of Energy funds Knoxville advanced composites institute - Knoxville News Sentinel,https://news.google.com/rss/articles/CBMihgFodHRwczovL3d3dy5rbm94bmV3cy5jb20vc3RvcnkvbW9uZXkvYnVzaW5lc3MvMjAyMy8wNC8xMS9kZXBhcnRtZW50LW9mLWVuZXJneS1mdW5kcy1rbm94dmlsbGUtYWR2YW5jZWQtY29tcG9zaXRlcy1jb21wYW55LzcwMDk5Njk2MDA3L9IBAA?oc=5,2023/04/11,Department of Energy funds Knoxville advanced composites institute&nbsp;&nbsp;Knoxville News Sentinel,Knoxville News Sentinel,renewable energy,
Environmental groups call for climate action ahead of state conference - Detroit News,https://news.google.com/rss/articles/CBMilwFodHRwczovL3d3dy5kZXRyb2l0bmV3cy5jb20vc3RvcnkvbmV3cy9sb2NhbC9taWNoaWdhbi8yMDIzLzA0LzExL2Vudmlyb25tZW50YWwtZ3JvdXBzLWNhbGwtZm9yLWNsaW1hdGUtYWN0aW9uLWFoZWFkLW9mLW1pY2hpZ2FuLWNvbmZlcmVuY2UvNzAxMDExMTcwMDcv0gEA?oc=5,2023/04/11,Environmental groups call for climate action ahead of state conference&nbsp;&nbsp;Detroit News,Detroit News,renewable energy,
Electric/Hybrid - NYC Mayor Eric Adams Performs Inaugural Charge at Revel's New EV Charging Superhub - Renewable Energy Magazine,https://news.google.com/rss/articles/CBMieGh0dHBzOi8vd3d3LnJlbmV3YWJsZWVuZXJneW1hZ2F6aW5lLmNvbS9lbGVjdHJpY19oeWJyaWRfdmVoaWNsZXMvbnljLW1heW9yLWVyaWMtYWRhbXMtcGVyZm9ybXMtaW5hdWd1cmFsLWNoYXJnZS0yMDIzMDQxMdIBAA?oc=5,2023/04/11,Electric/Hybrid - NYC Mayor Eric Adams Performs Inaugural Charge at Revel's New EV Charging Superhub&nbsp;&nbsp;Renewable Energy Magazine,Renewable Energy Magazine,renewable energy,
Chipotle unveils a new energy-efficient restaurant design - Nation's Restaurant News,https://news.google.com/rss/articles/CBMiVmh0dHBzOi8vd3d3Lm5ybi5jb20vb3BlcmF0aW9ucy9jaGlwb3RsZS11bnZlaWxzLW5ldy1lbmVyZ3ktZWZmaWNpZW50LXJlc3RhdXJhbnQtZGVzaWdu0gEA?oc=5,2023/04/11,Chipotle unveils a new energy-efficient restaurant design&nbsp;&nbsp;Nation's Restaurant News,Nation's Restaurant News,renewable energy,
Renewable energy - European Environment Agency,https://news.google.com/rss/articles/CBMiPWh0dHBzOi8vd3d3LmVlYS5ldXJvcGEuZXUvZW4vdG9waWNzL2luLWRlcHRoL3JlbmV3YWJsZS1lbmVyZ3nSAQA?oc=5,2023/04/04,Renewable energy&nbsp;&nbsp;European Environment Agency,European Environment Agency,renewable energy,
Getting Ready: York's new Climate Action Committee - Seacoastonline.com,https://news.google.com/rss/articles/CBMifWh0dHBzOi8vd3d3LnNlYWNvYXN0b25saW5lLmNvbS9zdG9yeS9vcGluaW9uL2NvbHVtbnMvMjAyMy8wNC8xMS9nZXR0aW5nLXJlYWR5LXlvcmtzLW5ldy1jbGltYXRlLWFjdGlvbi1jb21taXR0ZWUvNzAxMDQ0NDIwMDcv0gEA?oc=5,2023/04/11,Getting Ready: York's new Climate Action Committee&nbsp;&nbsp;Seacoastonline.com,Seacoastonline.com,renewable energy,
High Oil Prices Are Fueling The Middle East's Renewable Energy Boom - OilPrice.com,https://news.google.com/rss/articles/CBMicmh0dHBzOi8vb2lscHJpY2UuY29tL0VuZXJneS9FbmVyZ3ktR2VuZXJhbC9IaWdoLU9pbC1QcmljZXMtQXJlLUZ1ZWxpbmctVGhlLU1pZGRsZS1FYXN0cy1SZW5ld2FibGUtRW5lcmd5LUJvb20uaHRtbNIBdmh0dHBzOi8vb2lscHJpY2UuY29tL0VuZXJneS9FbmVyZ3ktR2VuZXJhbC9IaWdoLU9pbC1QcmljZXMtQXJlLUZ1ZWxpbmctVGhlLU1pZGRsZS1FYXN0cy1SZW5ld2FibGUtRW5lcmd5LUJvb20uYW1wLmh0bWw?oc=5,2023/04/07,High Oil Prices Are Fueling The Middle East's Renewable Energy Boom&nbsp;&nbsp;OilPrice.com,OilPrice.com,renewable energy,
Top defendant in polygamous Washakie Renewable Energy fraud sentenced to prison - Salt Lake Tribune,https://news.google.com/rss/articles/CBMiSWh0dHBzOi8vd3d3LnNsdHJpYi5jb20vbmV3cy8yMDIzLzA0LzA3L3RvcC1kZWZlbmRhbnQtcG9seWdhbW91cy13YXNoYWtpZS_SAQA?oc=5,2023/04/08,Top defendant in polygamous Washakie Renewable Energy fraud sentenced to prison&nbsp;&nbsp;Salt Lake Tribune,Salt Lake Tribune,renewable energy,
These deep-sea “potatoes” could be the future of mining for renewable energy - MIT Technology Review,https://news.google.com/rss/articles/CBMif2h0dHBzOi8vd3d3LnRlY2hub2xvZ3lyZXZpZXcuY29tLzIwMjMvMDQvMDYvMTA3MTA1MS90aGVzZS1kZWVwLXNlYS1wb3RhdG9lcy1jb3VsZC1iZS10aGUtZnV0dXJlLW9mLW1pbmluZy1mb3ItcmVuZXdhYmxlLWVuZXJneS_SAYMBaHR0cHM6Ly93d3cudGVjaG5vbG9neXJldmlldy5jb20vMjAyMy8wNC8wNi8xMDcxMDUxL3RoZXNlLWRlZXAtc2VhLXBvdGF0b2VzLWNvdWxkLWJlLXRoZS1mdXR1cmUtb2YtbWluaW5nLWZvci1yZW5ld2FibGUtZW5lcmd5L2FtcC8?oc=5,2023/04/06,These deep-sea “potatoes” could be the future of mining for renewable energy&nbsp;&nbsp;MIT Technology Review,MIT Technology Review,renewable energy,
Berkeley study compares the net value of geothermal to other renewables - ThinkGeoEnergy,https://news.google.com/rss/articles/CBMiZ2h0dHBzOi8vd3d3LnRoaW5rZ2VvZW5lcmd5LmNvbS9iZXJrZWxleS1zdHVkeS1jb21wYXJlcy10aGUtbmV0LXZhbHVlLW9mLWdlb3RoZXJtYWwtdG8tb3RoZXItcmVuZXdhYmxlcy_SAWdodHRwczovL3d3dy50aGlua2dlb2VuZXJneS5jb20vYmVya2VsZXktc3R1ZHktY29tcGFyZXMtdGhlLW5ldC12YWx1ZS1vZi1nZW90aGVybWFsLXRvLW90aGVyLXJlbmV3YWJsZXMv?oc=5,2023/04/11,Berkeley study compares the net value of geothermal to other renewables&nbsp;&nbsp;ThinkGeoEnergy,ThinkGeoEnergy,renewable energy,
The UK's new climate plan favours fossil fuels over renewables | World Economic Forum - World Economic Forum,https://news.google.com/rss/articles/CBMibWh0dHBzOi8vd3d3LndlZm9ydW0ub3JnL2FnZW5kYS8yMDIzLzA0L3RoZS11ay1zLW5ldy1jbGltYXRlLXBsYW4tZ29lcy1iaWctb24tY2FyYm9uLWNhcHR1cmUtYW5kLWZvc3NpbC1mdWVscy_SAQA?oc=5,2023/04/11,The UK's new climate plan favours fossil fuels over renewables | World Economic Forum&nbsp;&nbsp;World Economic Forum,World Economic Forum,renewable energy,
China's Top Oil Companies To Invest $14.5 Billion In Renewable Energy - OilPrice.com,https://news.google.com/rss/articles/CBMigAFodHRwczovL29pbHByaWNlLmNvbS9BbHRlcm5hdGl2ZS1FbmVyZ3kvUmVuZXdhYmxlLUVuZXJneS9DaGluYXMtVG9wLU9pbC1Db21wYW5pZXMtVG8tSW52ZXN0LTE0NS1CaWxsaW9uLUluLVJlbmV3YWJsZS1FbmVyZ3kuaHRtbNIBhAFodHRwczovL29pbHByaWNlLmNvbS9BbHRlcm5hdGl2ZS1FbmVyZ3kvUmVuZXdhYmxlLUVuZXJneS9DaGluYXMtVG9wLU9pbC1Db21wYW5pZXMtVG8tSW52ZXN0LTE0NS1CaWxsaW9uLUluLVJlbmV3YWJsZS1FbmVyZ3kuYW1wLmh0bWw?oc=5,2023/04/07,China's Top Oil Companies To Invest $14.5 Billion In Renewable Energy&nbsp;&nbsp;OilPrice.com,OilPrice.com,renewable energy,
Column: Middle East starts cleaning up its power act with renewable push - Reuters,https://news.google.com/rss/articles/CBMifGh0dHBzOi8vd3d3LnJldXRlcnMuY29tL2J1c2luZXNzL2VuZXJneS9taWRkbGUtZWFzdC1zdGFydHMtY2xlYW5pbmctdXAtaXRzLXBvd2VyLWFjdC13aXRoLXJlbmV3YWJsZS1wdXNoLW1hZ3VpcmUtMjAyMy0wNC0wNS_SAQA?oc=5,2023/04/06,Column: Middle East starts cleaning up its power act with renewable push&nbsp;&nbsp;Reuters,Reuters,renewable energy,
IberBlue plans coordinated floating offshore wind developments in northern Iberia - Offshore magazine,https://news.google.com/rss/articles/CBMikAFodHRwczovL3d3dy5vZmZzaG9yZS1tYWcuY29tL3JlbmV3YWJsZS1lbmVyZ3kvYXJ0aWNsZS8xNDI5MjI2MS9pYmVyYmx1ZS1wbGFucy1jb29yZGluYXRlZC1mbG9hdGluZy1vZmZzaG9yZS13aW5kLWRldmVsb3BtZW50cy1pbi1ub3J0aGVybi1pYmVyaWHSAQA?oc=5,2023/04/11,IberBlue plans coordinated floating offshore wind developments in northern Iberia&nbsp;&nbsp;Offshore magazine,Offshore magazine,renewable energy,
Europe's green hydrogen rush in Africa risks energy 'cannibalisation' - Climate Home News,https://news.google.com/rss/articles/CBMicWh0dHBzOi8vY2xpbWF0ZWNoYW5nZW5ld3MuY29tLzIwMjMvMDQvMTEvZ3JlZW4taHlkcm9nZW4tcnVzaC1yaXNrcy1lbmVyZ3ktY2FubmliYWxpc2F0aW9uLWluLWFmcmljYS1hbmFseXN0cy1zYXkv0gEA?oc=5,2023/04/11,Europe's green hydrogen rush in Africa risks energy 'cannibalisation'&nbsp;&nbsp;Climate Home News,Climate Home News,renewable energy,
Masdar shares list of investors for its major renewable energy projects in Uzbekistan - AzerNews.Az,https://news.google.com/rss/articles/CBMiKmh0dHBzOi8vd3d3LmF6ZXJuZXdzLmF6L3JlZ2lvbi8yMDg1NjguaHRtbNIBAA?oc=5,2023/04/11,Masdar shares list of investors for its major renewable energy projects in Uzbekistan&nbsp;&nbsp;AzerNews.Az,AzerNews.Az,renewable energy,
Vedanta Subsidiary Bharat Aluminum (BALCO) Ties Up 105MW Renewable Energy - Energy and Mines,https://news.google.com/rss/articles/CBMia2h0dHBzOi8vZW5lcmd5YW5kbWluZXMuY29tLzIwMjMvMDQvdmVkYW50YS1zdWJzaWRpYXJ5LWJoYXJhdC1hbHVtaW51bS1iYWxjby10aWVzLXVwLTEwNW13LXJlbmV3YWJsZS1lbmVyZ3kv0gEA?oc=5,2023/04/11,Vedanta Subsidiary Bharat Aluminum (BALCO) Ties Up 105MW Renewable Energy&nbsp;&nbsp;Energy and Mines,Energy and Mines,renewable energy,
India Floats 2 Gigawatt Solar Power Tender - CleanTechnica,https://news.google.com/rss/articles/CBMiUGh0dHBzOi8vY2xlYW50ZWNobmljYS5jb20vMjAyMy8wNC8xMS9pbmRpYS1mbG9hdHMtMi1naWdhd2F0dC1zb2xhci1wb3dlci10ZW5kZXIv0gFUaHR0cHM6Ly9jbGVhbnRlY2huaWNhLmNvbS8yMDIzLzA0LzExL2luZGlhLWZsb2F0cy0yLWdpZ2F3YXR0LXNvbGFyLXBvd2VyLXRlbmRlci9hbXAv?oc=5,2023/04/11,India Floats 2 Gigawatt Solar Power Tender&nbsp;&nbsp;CleanTechnica,CleanTechnica,renewable energy,
Dominion Energy acquires utility-scale pollinator solar project in Virginia - pv magazine USA,https://news.google.com/rss/articles/CBMic2h0dHBzOi8vcHYtbWFnYXppbmUtdXNhLmNvbS8yMDIzLzA0LzExL2RvbWluaW9uLWVuZXJneS1hY3F1aXJlcy11dGlsaXR5LXNjYWxlLXBvbGxpbmF0b3Itc29sYXItcHJvamVjdC1pbi12aXJnaW5pYS_SAQA?oc=5,2023/04/11,Dominion Energy acquires utility-scale pollinator solar project in Virginia&nbsp;&nbsp;pv magazine USA,pv magazine USA,renewable energy,
"Invoke eminent domain, Marshall Plan for renewable energy, said JP Morgan CEO - pv magazine USA",https://news.google.com/rss/articles/CBMic2h0dHBzOi8vcHYtbWFnYXppbmUtdXNhLmNvbS8yMDIzLzA0LzA3L2ludm9rZS1lbWluZW50LWRvbWFpbi1tYXJzaGFsbC1wbGFuLWZvci1yZW5ld2FibGUtZW5lcmd5LXNhaWQtanAtbW9yZ2FuLWNlby_SAQA?oc=5,2023/04/07,"Invoke eminent domain, Marshall Plan for renewable energy, said JP Morgan CEO&nbsp;&nbsp;pv magazine USA",pv magazine USA,renewable energy,
‘Kazakhstan will miss its 2030 renewable target’ - Energy Live News - Energy Made Easy,https://news.google.com/rss/articles/CBMiWWh0dHBzOi8vd3d3LmVuZXJneWxpdmVuZXdzLmNvbS8yMDIzLzA0LzExL2themFraHN0YW4td2lsbC1taXNzLWl0cy0yMDMwLXJlbmV3YWJsZS10YXJnZXQv0gEA?oc=5,2023/04/11,‘Kazakhstan will miss its 2030 renewable target’&nbsp;&nbsp;Energy Live News - Energy Made Easy,Energy Live News - Energy Made Easy,renewable energy,
Renewable Energy Revolution in the Middle East Driven by Surging Oil Prices - Microgrid Media,https://news.google.com/rss/articles/CBMiZmh0dHA6Ly9taWNyb2dyaWRtZWRpYS5jb20vcmVuZXdhYmxlLWVuZXJneS1yZXZvbHV0aW9uLWluLXRoZS1taWRkbGUtZWFzdC1kcml2ZW4tYnktc3VyZ2luZy1vaWwtcHJpY2VzL9IBAA?oc=5,2023/04/11,Renewable Energy Revolution in the Middle East Driven by Surging Oil Prices&nbsp;&nbsp;Microgrid Media,Microgrid Media,renewable energy,
EU reaches deal on higher renewable energy share by 2030 - Reuters,https://news.google.com/rss/articles/CBMifmh0dHBzOi8vd3d3LnJldXRlcnMuY29tL2J1c2luZXNzL3N1c3RhaW5hYmxlLWJ1c2luZXNzL2V1LXJlYWNoZXMtZGVhbC1tb3JlLWFtYml0aW91cy1yZW5ld2FibGUtZW5lcmd5LXRhcmdldHMtMjAzMC0yMDIzLTAzLTMwL9IBAA?oc=5,2023/03/30,EU reaches deal on higher renewable energy share by 2030&nbsp;&nbsp;Reuters,Reuters,renewable energy,
"France, China sign cooperation deals in nuclear and renewable energy - Reuters",https://news.google.com/rss/articles/CBMicGh0dHBzOi8vd3d3LnJldXRlcnMuY29tL2J1c2luZXNzL2VuZXJneS9mcmFuY2UtY2hpbmEtc2lnbi1jb29wZXJhdGlvbi1kZWFscy1udWNsZWFyLXJlbmV3YWJsZS1lbmVyZ3ktMjAyMy0wNC0wNi_SAQA?oc=5,2023/04/06,"France, China sign cooperation deals in nuclear and renewable energy&nbsp;&nbsp;Reuters",Reuters,renewable energy,
Powervault's 4th Generation Renewable Energy Storage System Unveiled | Security News - SecurityInformed,https://news.google.com/rss/articles/CBMihQFodHRwczovL3d3dy5zZWN1cml0eWluZm9ybWVkLmNvbS9uZXdzL3Bvd2VydmF1bHQtYWktcG93ZXJlZC1tb2R1bGFyLWVuZXJneS1zdG9yYWdlLXN5c3RlbS1tYXJrZXQtY28tMTY4MTIwODg4MS1nYS1ucHIuMTY4MTIwOTQ4MC5odG1s0gEA?oc=5,2023/04/11,Powervault's 4th Generation Renewable Energy Storage System Unveiled | Security News&nbsp;&nbsp;SecurityInformed,SecurityInformed,renewable energy,
‘India likely to have added over 15 GW of renewable energy capacity in FY23’ | Mint - Mint,https://news.google.com/rss/articles/CBMihwFodHRwczovL3d3dy5saXZlbWludC5jb20vaW5kdXN0cnkvZW5lcmd5L2luZGlhLWxpa2VseS10by1oYXZlLWFkZGVkLW92ZXItMTUtZ3ctb2YtcmVuZXdhYmxlLWVuZXJneS1jYXBhY2l0eS1pbi1meTIzLTExNjgxMjIxODEyNDEwLmh0bWzSAYsBaHR0cHM6Ly93d3cubGl2ZW1pbnQuY29tL2luZHVzdHJ5L2VuZXJneS9pbmRpYS1saWtlbHktdG8taGF2ZS1hZGRlZC1vdmVyLTE1LWd3LW9mLXJlbmV3YWJsZS1lbmVyZ3ktY2FwYWNpdHktaW4tZnkyMy9hbXAtMTE2ODEyMjE4MTI0MTAuaHRtbA?oc=5,2023/04/11,‘India likely to have added over 15 GW of renewable energy capacity in FY23’ | Mint&nbsp;&nbsp;Mint,Mint,renewable energy,
Can Renewable Energy Save America's Coal Communities - OilPrice.com,https://news.google.com/rss/articles/CBMiWWh0dHBzOi8vb2lscHJpY2UuY29tL0VuZXJneS9Db2FsL0Nhbi1SZW5ld2FibGUtRW5lcmd5LVNhdmUtQW1lcmljYXMtQ29hbC1Db21tdW5pdGllcy5odG1s0gFdaHR0cHM6Ly9vaWxwcmljZS5jb20vRW5lcmd5L0NvYWwvQ2FuLVJlbmV3YWJsZS1FbmVyZ3ktU2F2ZS1BbWVyaWNhcy1Db2FsLUNvbW11bml0aWVzLmFtcC5odG1s?oc=5,2023/04/06,Can Renewable Energy Save America's Coal Communities&nbsp;&nbsp;OilPrice.com,OilPrice.com,renewable energy,
ZAMBIA: USTDA Funds Renewable Energy Storage Study - AFRIK 21,https://news.google.com/rss/articles/CBMiUGh0dHBzOi8vd3d3LmFmcmlrMjEuYWZyaWNhL2VuL3phbWJpYS11c3RkYS1mdW5kcy1yZW5ld2FibGUtZW5lcmd5LXN0b3JhZ2Utc3R1ZHkv0gFUaHR0cHM6Ly93d3cuYWZyaWsyMS5hZnJpY2EvZW4vemFtYmlhLXVzdGRhLWZ1bmRzLXJlbmV3YWJsZS1lbmVyZ3ktc3RvcmFnZS1zdHVkeS9hbXAv?oc=5,2023/04/11,ZAMBIA: USTDA Funds Renewable Energy Storage Study&nbsp;&nbsp;AFRIK 21,AFRIK 21,renewable energy,
"Amazon strikes renewable power deal for Oregon data centers, won’t say how much it’s buying - OregonLive",https://news.google.com/rss/articles/CBMijwFodHRwczovL3d3dy5vcmVnb25saXZlLmNvbS9zaWxpY29uLWZvcmVzdC8yMDIzLzA0L2FtYXpvbi1zdHJpa2VzLXJlbmV3YWJsZS1wb3dlci1kZWFsLWZvci1vcmVnb24tZGF0YS1jZW50ZXJzLXdvbnQtc2F5LWhvdy1tdWNoLWl0cy1idXlpbmcuaHRtbNIBngFodHRwczovL3d3dy5vcmVnb25saXZlLmNvbS9zaWxpY29uLWZvcmVzdC8yMDIzLzA0L2FtYXpvbi1zdHJpa2VzLXJlbmV3YWJsZS1wb3dlci1kZWFsLWZvci1vcmVnb24tZGF0YS1jZW50ZXJzLXdvbnQtc2F5LWhvdy1tdWNoLWl0cy1idXlpbmcuaHRtbD9vdXRwdXRUeXBlPWFtcA?oc=5,2023/04/10,"Amazon strikes renewable power deal for Oregon data centers, won’t say how much it’s buying&nbsp;&nbsp;OregonLive",OregonLive,renewable energy,
Ryse Energy raises $15 mn growth funding led by RWE Energy - Greentech Lead,https://news.google.com/rss/articles/CBMiamh0dHBzOi8vZ3JlZW50ZWNobGVhZC5jb20vcmVuZXdhYmxlLWVuZXJneS9yeXNlLWVuZXJneS1yYWlzZXMtMTUtbW4tZ3Jvd3RoLWZ1bmRpbmctbGVkLWJ5LXJ3ZS1lbmVyZ3ktNDI0MDnSAQA?oc=5,2023/04/11,Ryse Energy raises $15 mn growth funding led by RWE Energy&nbsp;&nbsp;Greentech Lead,Greentech Lead,renewable energy,
3 Thrilling Renewable Energy Stocks for Aggressive Investors to Buy - InvestorPlace,https://news.google.com/rss/articles/CBMiZmh0dHBzOi8vaW52ZXN0b3JwbGFjZS5jb20vMjAyMy8wNC8zLXRocmlsbGluZy1yZW5ld2FibGUtZW5lcmd5LXN0b2Nrcy1mb3ItYWdncmVzc2l2ZS1pbnZlc3RvcnMtdG8tYnV5L9IBAA?oc=5,2023/04/08,3 Thrilling Renewable Energy Stocks for Aggressive Investors to Buy&nbsp;&nbsp;InvestorPlace,InvestorPlace,renewable energy,
A Push to Turn Farm Waste Into Fuel - The New York Times,https://news.google.com/rss/articles/CBMiU2h0dHBzOi8vd3d3Lm55dGltZXMuY29tLzIwMjMvMDQvMDQvYnVzaW5lc3MvcmVuZXdhYmxlLWVuZXJneS1mYXJtcy1hZ3JpY3VsdHVyZS5odG1s0gEA?oc=5,2023/04/04,A Push to Turn Farm Waste Into Fuel&nbsp;&nbsp;The New York Times,The New York Times,renewable energy,
"Interior Department Announces Start of Turbine Construction for Commercial-Scale, Offshore Wind Energy Project in ... - US Department of the Interior",https://news.google.com/rss/articles/CBMidGh0dHBzOi8vd3d3LmRvaS5nb3YvcHJlc3NyZWxlYXNlcy9pbnRlcmlvci1kZXBhcnRtZW50LWFubm91bmNlcy1zdGFydC10dXJiaW5lLWNvbnN0cnVjdGlvbi1jb21tZXJjaWFsLXNjYWxlLW9mZnNob3Jl0gEA?oc=5,2023/04/03,"Interior Department Announces Start of Turbine Construction for Commercial-Scale, Offshore Wind Energy Project in ...&nbsp;&nbsp;US Department of the Interior",US Department of the Interior,renewable energy,
"Cut renewable energy projects' tax, Ghana mining chamber urges - ESI Africa",https://news.google.com/rss/articles/CBMibmh0dHBzOi8vd3d3LmVzaS1hZnJpY2EuY29tL2J1c2luZXNzLWFuZC1tYXJrZXRzL2N1dC1yZW5ld2FibGUtZW5lcmd5LXByb2plY3RzLXRheC1naGFuYXMtbWluaW5nLWNoYW1iZXItdXJnZXMv0gEA?oc=5,2023/04/11,"Cut renewable energy projects' tax, Ghana mining chamber urges&nbsp;&nbsp;ESI Africa",ESI Africa,renewable energy,
Renewable energy will produce 35% of global electricity by 2025: IEA | World Economic Forum - World Economic Forum,https://news.google.com/rss/articles/CBMiU2h0dHBzOi8vd3d3LndlZm9ydW0ub3JnL2FnZW5kYS8yMDIzLzAzL2VsZWN0cmljaXR5LWdlbmVyYXRpb24tcmVuZXdhYmxlcy1wb3dlci1pZWEv0gEA?oc=5,2023/03/16,Renewable energy will produce 35% of global electricity by 2025: IEA | World Economic Forum&nbsp;&nbsp;World Economic Forum,World Economic Forum,renewable energy,
"Renewable Energy Sees Record Increase in 2022, Agency Says - Voice of America - VOA News",https://news.google.com/rss/articles/CBMiYWh0dHBzOi8vd3d3LnZvYW5ld3MuY29tL2EvcmVuZXdhYmxlLWVuZXJneS1zZWVzLXJlY29yZC1pbmNyZWFzZS1pbi0yMDIyLWFnZW5jeS1zYXlzLS83MDE1Mzg0Lmh0bWzSAWNodHRwczovL3d3dy52b2FuZXdzLmNvbS9hbXAvcmVuZXdhYmxlLWVuZXJneS1zZWVzLXJlY29yZC1pbmNyZWFzZS1pbi0yMDIyLWFnZW5jeS1zYXlzLS83MDE1Mzg0Lmh0bWw?oc=5,2023/03/21,"Renewable Energy Sees Record Increase in 2022, Agency Says&nbsp;&nbsp;Voice of America - VOA News",Voice of America - VOA News,renewable energy,
Renewable energy use is up sharply in Illinois and slightly in Missouri - St. Louis Public Radio,https://news.google.com/rss/articles/CBMijQFodHRwczovL25ld3Muc3RscHVibGljcmFkaW8ub3JnL2hlYWx0aC1zY2llbmNlLWVudmlyb25tZW50LzIwMjMtMDQtMDMvcmVuZXdhYmxlLWVuZXJneS11c2UtaXMtdXAtc2hhcnBseS1pbi1pbGxpbm9pcy1hbmQtc2xpZ2h0bHktaW4tbWlzc291cmnSAQA?oc=5,2023/04/03,Renewable energy use is up sharply in Illinois and slightly in Missouri&nbsp;&nbsp;St. Louis Public Radio,St. Louis Public Radio,renewable energy,
BLUETTI to Unveil PV420 Solar Panel for Easy Access to Renewable Energy - UKTN (UK Technology News,https://news.google.com/rss/articles/CBMiamh0dHBzOi8vd3d3LnVrdGVjaC5uZXdzL290aGVyX25ld3MvYmx1ZXR0aS10by11bnZlaWwtcHY0MjAtc29sYXItcGFuZWwtZm9yLWVhc3ktYWNjZXNzLXRvLXJlbmV3YWJsZS1lbmVyZ3nSAQA?oc=5,2023/04/11,BLUETTI to Unveil PV420 Solar Panel for Easy Access to Renewable Energy&nbsp;&nbsp;UKTN (UK Technology News,UKTN (UK Technology News,renewable energy,
Brazil state deepens EU hydrogen cooperation - reNEWS,https://news.google.com/rss/articles/CBMiRmh0dHBzOi8vcmVuZXdzLmJpei84NTAxMi9icmF6aWwtc3RhdGUtZGVlcGVucy1ldS1oeWRyb2dlbi1jb29wZXJhdGlvbi_SAQA?oc=5,2023/04/11,Brazil state deepens EU hydrogen cooperation&nbsp;&nbsp;reNEWS,reNEWS,renewable energy,
US hydro start-up raises funding for turbine factory - reNEWS,https://news.google.com/rss/articles/CBMiTmh0dHBzOi8vcmVuZXdzLmJpei84NTAxNC91cy1oeWRyby1zdGFydC11cC1yYWlzZXMtZnVuZGluZy1mb3ItdHVyYmluZS1mYWN0b3J5L9IBAA?oc=5,2023/04/11,US hydro start-up raises funding for turbine factory&nbsp;&nbsp;reNEWS,reNEWS,renewable energy,
"One State Generates Much, Much More Renewable Energy Than Any Other—and It’s Not California - InsideClimate News",https://news.google.com/rss/articles/CBMiUWh0dHBzOi8vaW5zaWRlY2xpbWF0ZW5ld3Mub3JnL25ld3MvMDkwMzIwMjMvaW5zaWRlLWNsZWFuLWVuZXJneS10ZXhhcy1yZW5ld2FibGVzL9IBAA?oc=5,2023/03/09,"One State Generates Much, Much More Renewable Energy Than Any Other—and It’s Not California&nbsp;&nbsp;InsideClimate News",InsideClimate News,renewable energy,
Elon Musk Says Tesla Will Build Shanghai Battery Factory - The New York Times,https://news.google.com/rss/articles/CBMiWWh0dHBzOi8vd3d3Lm55dGltZXMuY29tLzIwMjMvMDQvMDkvYnVzaW5lc3MvZWxvbi1tdXNrLXRlc2xhLXNoYW5naGFpLWJhdHRlcnktZmFjdG9yeS5odG1s0gEA?oc=5,2023/04/10,Elon Musk Says Tesla Will Build Shanghai Battery Factory&nbsp;&nbsp;The New York Times,The New York Times,renewable energy,
"Portugal's PM discusses renewable energy, chips with top execs of Hanwha, SK hynix - Yonhap News Agency",https://news.google.com/rss/articles/CBMiLmh0dHBzOi8vZW4ueW5hLmNvLmtyL3ZpZXcvQUVOMjAyMzA0MTEwMTEyMDAzMjDSAQA?oc=5,2023/04/11,"Portugal's PM discusses renewable energy, chips with top execs of Hanwha, SK hynix&nbsp;&nbsp;Yonhap News Agency",Yonhap News Agency,renewable energy,
Renewable Energy – The Key to Powering the Future - Powerlines - seattle.gov,https://news.google.com/rss/articles/CBMiWmh0dHBzOi8vcG93ZXJsaW5lcy5zZWF0dGxlLmdvdi8yMDIzLzAzLzIwL3JlbmV3YWJsZS1lbmVyZ3ktdGhlLWtleS10by1wb3dlcmluZy10aGUtZnV0dXJlL9IBAA?oc=5,2023/03/20,Renewable Energy – The Key to Powering the Future - Powerlines&nbsp;&nbsp;seattle.gov,seattle.gov,renewable energy,
Türkiye foresees $1.5B investment in renewable-based storage projects | Daily Sabah - Daily Sabah,https://news.google.com/rss/articles/CBMibmh0dHBzOi8vd3d3LmRhaWx5c2FiYWguY29tL2J1c2luZXNzL2VuZXJneS90dXJraXllLWZvcmVzZWVzLTE1Yi1pbnZlc3RtZW50LWluLXJlbmV3YWJsZS1iYXNlZC1zdG9yYWdlLXByb2plY3Rz0gFyaHR0cHM6Ly93d3cuZGFpbHlzYWJhaC5jb20vYnVzaW5lc3MvZW5lcmd5L3R1cmtpeWUtZm9yZXNlZXMtMTViLWludmVzdG1lbnQtaW4tcmVuZXdhYmxlLWJhc2VkLXN0b3JhZ2UtcHJvamVjdHMvYW1w?oc=5,2023/04/09,Türkiye foresees $1.5B investment in renewable-based storage projects | Daily Sabah&nbsp;&nbsp;Daily Sabah,Daily Sabah,renewable energy,
Top Solar Stocks for Q2 2023 - Investopedia,https://news.google.com/rss/articles/CBMiPWh0dHBzOi8vd3d3LmludmVzdG9wZWRpYS5jb20vdG9wLXNvbGFyLXN0b2Nrcy1xMi0yMDIzLTczNzY3NzPSAQA?oc=5,2023/04/07,Top Solar Stocks for Q2 2023&nbsp;&nbsp;Investopedia,Investopedia,renewable energy,
Renewable power’s growth is being turbocharged as countries seek to strengthen energy security - News - IEA,https://news.google.com/rss/articles/CBMid2h0dHBzOi8vd3d3LmllYS5vcmcvbmV3cy9yZW5ld2FibGUtcG93ZXItcy1ncm93dGgtaXMtYmVpbmctdHVyYm9jaGFyZ2VkLWFzLWNvdW50cmllcy1zZWVrLXRvLXN0cmVuZ3RoZW4tZW5lcmd5LXNlY3VyaXR50gEA?oc=5,2022/12/06,Renewable power’s growth is being turbocharged as countries seek to strengthen energy security - News&nbsp;&nbsp;IEA,IEA,renewable energy,
Solar panels set to fire up Telus Spark's commitment to renewable energy - iHeartRadio.ca,https://news.google.com/rss/articles/CBMif2h0dHBzOi8vd3d3LmloZWFydHJhZGlvLmNhL2N0di1uZXdzLWNvbnRlbnQvc29sYXItcGFuZWxzLXNldC10by1maXJlLXVwLXRlbHVzLXNwYXJrLXMtY29tbWl0bWVudC10by1yZW5ld2FibGUtZW5lcmd5LTEuMTk1Mjk0NDXSAQA?oc=5,2023/04/11,Solar panels set to fire up Telus Spark's commitment to renewable energy&nbsp;&nbsp;iHeartRadio.ca,iHeartRadio.ca,renewable energy,
Amazon sets a new record for the most renewable energy purchased in a single year - About Amazon,https://news.google.com/rss/articles/CBMigQFodHRwczovL3d3dy5hYm91dGFtYXpvbi5jb20vbmV3cy9zdXN0YWluYWJpbGl0eS9hbWF6b24tc2V0cy1hLW5ldy1yZWNvcmQtZm9yLXRoZS1tb3N0LXJlbmV3YWJsZS1lbmVyZ3ktcHVyY2hhc2VkLWluLWEtc2luZ2xlLXllYXLSAQA?oc=5,2023/01/31,Amazon sets a new record for the most renewable energy purchased in a single year&nbsp;&nbsp;About Amazon,About Amazon,renewable energy,
"Apple manufacturing now uses 13.7 gigawatts of renewable energy, will hit carbon neutral by 2030 - AppleInsider",https://news.google.com/rss/articles/CBMiiQFodHRwczovL2FwcGxlaW5zaWRlci5jb20vYXJ0aWNsZXMvMjMvMDQvMDUvYXBwbGUtbWFudWZhY3R1cmluZy1ub3ctdXNlcy0xMzctZ2lnYXdhdHRzLW9mLXJlbmV3YWJsZS1lbmVyZ3ktd2lsbC1oaXQtY2FyYm9uLW5ldXRyYWwtYnktMjAzMNIBjgFodHRwczovL2FwcGxlaW5zaWRlci5jb20vYXJ0aWNsZXMvMjMvMDQvMDUvYXBwbGUtbWFudWZhY3R1cmluZy1ub3ctdXNlcy0xMzctZ2lnYXdhdHRzLW9mLXJlbmV3YWJsZS1lbmVyZ3ktd2lsbC1oaXQtY2FyYm9uLW5ldXRyYWwtYnktMjAzMC9hbXAv?oc=5,2023/04/05,"Apple manufacturing now uses 13.7 gigawatts of renewable energy, will hit carbon neutral by 2030&nbsp;&nbsp;AppleInsider",AppleInsider,renewable energy,
Guam closer to 100% renewable energy goal—GPA - Saipan Tribune,https://news.google.com/rss/articles/CBMiVWh0dHBzOi8vd3d3LnNhaXBhbnRyaWJ1bmUuY29tL2luZGV4LnBocC9ndWFtLWNsb3Nlci10by0xMDAtcmVuZXdhYmxlLWVuZXJneS1nb2FsLWdwYS_SAQA?oc=5,2023/04/11,Guam closer to 100% renewable energy goal—GPA&nbsp;&nbsp;Saipan Tribune,Saipan Tribune,renewable energy,
Newly Named Solar Prize Round 6 Finalists Bring Innovation to Light - NREL,https://news.google.com/rss/articles/CBMib2h0dHBzOi8vd3d3Lm5yZWwuZ292L25ld3MvcHJvZ3JhbS8yMDIzL25ld2x5LW5hbWVkLXNvbGFyLXByaXplLXJvdW5kLTYtZmluYWxpc3RzLWJyaW5nLWlubm92YXRpb24tdG8tbGlnaHQuaHRtbNIBAA?oc=5,2023/04/05,Newly Named Solar Prize Round 6 Finalists Bring Innovation to Light&nbsp;&nbsp;NREL,NREL,renewable energy,
Powervault's 4th generation renewable energy storage system unveiled | Security News - SourceSecurity.com,https://news.google.com/rss/articles/CBMigwFodHRwczovL3d3dy5zb3VyY2VzZWN1cml0eS5jb20vbmV3cy9wb3dlcnZhdWx0LWFpLXBvd2VyZWQtbW9kdWxhci1lbmVyZ3ktc3RvcmFnZS1zeXN0ZW0tbWFya2V0LWNvLTE2ODEyMDg4ODEtZ2EtbnByLjE2ODEyMDk0ODAuaHRtbNIBAA?oc=5,2023/04/11,Powervault's 4th generation renewable energy storage system unveiled | Security News&nbsp;&nbsp;SourceSecurity.com,SourceSecurity.com,renewable energy,
Qualitas Energy closes acquisition of DunoAir's wind business - Power Technology,https://news.google.com/rss/articles/CBMiUGh0dHBzOi8vd3d3LnBvd2VyLXRlY2hub2xvZ3kuY29tL25ld3MvcXVhbGl0YXMtZW5lcmd5LWFjcXVpc2l0aW9uLWR1bm9haXJzLXdpbmQv0gEA?oc=5,2023/04/11,Qualitas Energy closes acquisition of DunoAir's wind business&nbsp;&nbsp;Power Technology,Power Technology,renewable energy,
Public lands are responsive to the increased demand for renewable energy - Bureau of Land Management,https://news.google.com/rss/articles/CBMiYWh0dHBzOi8vd3d3LmJsbS5nb3YvYmxvZy8yMDIzLTAzLTAyL3B1YmxpYy1sYW5kcy1hcmUtcmVzcG9uc2l2ZS1pbmNyZWFzZWQtZGVtYW5kLXJlbmV3YWJsZS1lbmVyZ3nSAQA?oc=5,2023/03/02,Public lands are responsive to the increased demand for renewable energy&nbsp;&nbsp;Bureau of Land Management,Bureau of Land Management,renewable energy,
Global wind to reach 1TW in 2023 - reNEWS,https://news.google.com/rss/articles/CBMiOmh0dHBzOi8vcmVuZXdzLmJpei84NTAxNi9nbG9iYWwtd2luZC10by1yZWFjaC0xdHctaW4tMjAyMy_SAQA?oc=5,2023/04/11,Global wind to reach 1TW in 2023&nbsp;&nbsp;reNEWS,reNEWS,renewable energy,
"Research Paper Explores how the Type of Renewable Energy Affects the Needs for Energy Storage | Newsroom - University of California, Merced",https://news.google.com/rss/articles/CBMicmh0dHBzOi8vbmV3cy51Y21lcmNlZC5lZHUvbmV3cy8yMDIzL3Jlc2VhcmNoLXBhcGVyLWV4cGxvcmVzLWhvdy10eXBlLXJlbmV3YWJsZS1lbmVyZ3ktYWZmZWN0cy1uZWVkcy1lbmVyZ3ktc3RvcmFnZdIBAA?oc=5,2023/03/13,"Research Paper Explores how the Type of Renewable Energy Affects the Needs for Energy Storage | Newsroom&nbsp;&nbsp;University of California, Merced","University of California, Merced",renewable energy,
Avista Announces Contracts and Initiatives for Capacity and Renewable Energy - Best Stocks,https://news.google.com/rss/articles/CBMiRWh0dHBzOi8vYmVzdHN0b2Nrcy5jb20vYXZpc3RhLWFubm91bmNlcy1jb250cmFjdHMtYW5kLWluaXRpYXRpdmVzLWZvL9IBAA?oc=5,2023/04/11,Avista Announces Contracts and Initiatives for Capacity and Renewable Energy&nbsp;&nbsp;Best Stocks,Best Stocks,renewable energy,
